u	!<cmd>    Run given command as in system(3)	!<cmd>    像在 system(3) 中一样运行给定命令
u	"cmd":"...","json":false,"trim":true} # `cmd` is required	# 必需提供 `cmd`
u	$alias[=cmd] [args...]  Manage command/data aliases	$alias[=cmd] [args...]  管理命令/数据别名
u	%[name[=value]]  Set each NAME to VALUE in the environment	%[name[=value]]  将每个 NAME 设置为环境中的 VALUE
u	&[-|<cmd>]  Manage tasks (WARNING: Experimental. Use with caution!)	&[-|<cmd>]  管理任务 (警告: 实验性功能, 请谨慎使用!)
u	*<addr>[=[0x]value]  Pointer read/write data/values	*<addr>[=[0x]value]  指针读/写数据/值
u	,[,.-/*jhr] [file]  # load table data	,[,.-/*jhr] [file]  # 加载表数据
u	-  open editor and run the r2 commands saved in the file	-  打开编辑器并运行文件中保存的 r2 命令
u	.[r2cmd] | [file] | [!command] | [(macro)]  # define macro or interpret r2, r_lang,	.[r2cmd] | [file] | [!command] | [(macro)]  # 定义宏或解释执行 r2, r_lang,
u	/[!bf] [arg]  Search stuff (see 'e??search' for options)	/[!bf] [arg]  搜索内容 (选项见 'e??search')
u	/a[?] [arg]  Search for assembly instructions matching given properties	/a[?] [arg]  搜索匹配给定属性的汇编指令
u	/at[flmj] [arg]  Search for instructions matching type/family/mnemonic	/at[flmj] [arg]  搜索匹配类型/家族/助记符的指令
u	/b[p]<command> [value]  Backward search subcommands	/b[p]<command> [value]  反向搜索子命令
u	/c  Search for crypto materials	/c  搜索加密材料
u	/cc[aAldpb] [algo] [digest]  find collisions	/cc[aAldpb] [algo] [digest]  查找碰撞
u	/d delta  search for a deltified sequence of bytes.	/d delta  搜索增量化的字节序列
u	/f    search forwards, command modifier, followed by other command	/f    向前搜索，命令修饰符，后跟其他命令
u	/g  search for gadgets	/g  搜索小工具
u	/gk  query stored gadgets	/gk  查询已存储的小工具
u	/k[j] [foo]  search for string using Rabin Karp algorithm	/k[j] [foo]  使用 Rabin Karp 算法搜索字符串
u	/p[p]  [pattern]  Search for patterns or preludes	/p[p]  [pattern]  搜索模式或前奏
u	/r[acerwx] [address]   search references to one or more addresses	/r[acerwx] [address]   搜索对一个或多个地址的引用
u	/s[*] [threshold]  Find sections by grouping blocks with similar entropy.	/s[*] [threshold]  通过分组具有相似熵的块来查找节
u	/w[ij] [str]  Wide string search subcommands	/w[ij] [str]  宽字符串搜索子命令
u	/x[v] [hexpairs]:[binmask]  search in memory	/x[v] [hexpairs]:[binmask]  在内存中搜索
u	=[:!+-=ghH] [...]   # connect with other instances of r2	=[:!+-=ghH] [...]   # 与其他 r2 实例连接
u	?[?[?]] expression	?[?[?]] 表达式
u	?e[=bdgnpst] arg print/echo things	?e[=bdgnpst] arg 打印/回显
u	CL .j-  @addr - manage code-line references (loaded via bin.dbginfo and shown when asm.dwarf)	CL .j-  @addr - 管理代码行引用（通过 bin.dbginfo 加载，在 asm.dwarf 时显示）
u	CLd [aoj*]  decompile current function using DWARF line info (see CL, dir.source)	CLd [aoj*]  使用 DWARF 行信息反编译当前函数（参见 CL、dir.source）
u	CS [*] [+-][metaspace|addr]   # Manage metaspaces	CS [*] [+-][metaspace|addr]   # 管理元空间
u	C[-LCvsdfm*?][*?] [...]   # Metadata management	C[-LCvsdfm*?][*?]   # 元数据管理
u	Ct [?*j,=.-] [annotation] [@ addr]   # Manage address-based type analysis annotations	Ct [?*j,=.-] [annotation] [@ addr]   # 管理基于地址的类型分析注释
u	LA[qjf]   # analysis plugin list	LA[qjf]   # 分析插件列表
u	La[qj]   # asm/anal plugin list	La[qj]   # asm/anal 插件列表
u	List functions in verbose mode	以详细模式列出函数
u	Ll[,jq] - list r_lang plugins	Ll[,jq] - 列出 r_lang 插件
u	P[?.+-*cdilnsS] [file]  Project management	P[?.+-*cdilnsS] [file]  项目管理
u	Pn[j-?] [...]  Project Notes	Pn[j-?] [...]  项目笔记
u	Pz[ie] ([file])  Import/Export Projects in Zip form	Pz[ie] ([file])  以 Zip 形式导入/导出项目
u	T  [-][ num|msg] # text-log utility with timestamps	T  [-][ num|msg] # 带时间戳的文本日志工具
u	[.:"][#]<cmd>[*] [`cmd`] [@ addr] [~grep] [|syscmd] [>[>]file]	:"][#]<cmd>[*] [`cmd`] [@ addr] [~grep] [|syscmd] [>[>]file]
u	[cmd] | [program|H|T|.|]	md] | [program|H|T|.|]
u	[cmd]>[file]  redirects console from 'cmd' output to 'file'	[cmd]>[file]  将控制台从 'cmd' 输出重定向到 'file'
u	a8  [hexpairs]   # analyze the byte array given as input	a8  [hexpairs]   # 分析作为输入给定的字节数组
u	a:  [plugin-command]  (see 'aL' for all the anal plugins)	a:  [plugin-command]  （参见 'aL' 了解所有分析插件）
u	a:callargs  [-qj*f] [addr] # analyze call args via ESIL	a:callargs  [-qj*f] [addr] # 通过 ESIL 分析调用参数
u	a:tp  propagate types for current function	a:tp  传播当前函数的类型
u	aF   # analyze a function, but using anal.depth=1	aF   # 分析函数，但使用 anal.depth=1
u	aa[0*?]   # see also 'af' and 'afna'	aa[0*?]   # 另见 'af' 和 'afna'
u	aaa[a[a]]   # automatically analyze the whole program	aaa[a[a]]   # 自动分析整个程序
u	aae  [pf] ([addr]) # analyze all kind of stuff using esil	aae  [pf] ([addr]) # 使用 esil 分析各种内容
u	aan  [rg]   # automatically name functions.	aan  [rg]   # 自动命名函数。
u	aar  [j*] [sz] # search and analyze xrefs	aar  [j*] [sz] # 搜索并分析交叉引用
u	aav  [sat] # find values referencing a specific section or map	aav  [sat] # 查找引用特定段或映射的值
u	ab  # analyze basic block	ab  # 分析基本块
u	abp  [addr] [num] # find num paths from current offset to addr	abp  [addr] [num] # 查找从当前偏移到 addr 的 num 条路径
u	abt  # list and manage stored backtraces	abt  # 列出并管理存储的回溯
u	ac  anal classes commands	ac  分析类命令
u	ae[idesr?] [arg]  ESIL code emulation	ae[idesr?] [arg]  ESIL 代码模拟
u	aeim   [addr] [size] [name] - initialize the ESIL VM stack	aeim   [addr] [size] [name] - 初始化 ESIL VM 栈
u	aep[-*c]    [...] manage esil pins, run r2 commands instead of esil	aep[-*c]    [...] 管理 esil pin，运行 r2 命令而非 esil
u	aes[pbosu]  esil stepping utilities	aes[pbosu]  esil 步进工具
u	aev [esil]  Visual esil debugger (VdE)	aev [esil]  可视化 esil 调试器（VdE）
u	afb   list basic blocks of given function	afb   列出给定函数的基本块
u	afbr   return addresses for current function	afbr   当前函数的返回地址
u	afc[afhijklor?]  # see also tcc command to manage all calling conventions	afc[afhijklor?]  # 另见 tcc 命令以管理所有调用约定
u	afch[j]  # dynamic calling convention (dyncc) help and inspector	afch[j]  # 动态调用约定（dyncc）帮助和检查器
u	afii   Manage imports used in current functions (see aii for globals). trims down those strings from disasm	afii   管理当前函数中使用的导入（全局参见 aii）。从反汇编中修剪掉那些字符串
u	afl   List all functions	afl   列出所有函数
u	afl,   List functions in table format	afl,   以表格格式列出函数
u	aflm  [q.j] List functions in makefile style (func -> calls)	aflm  [q.j] 以 makefile 风格列出函数（func -> calls）
u	aflp   manage function pins (emoji markers)	aflp   管理函数 pin（emoji 标记）
u	afls  [afls] # sort function list	afls  [afls] # 排序函数列表
u	aflx  [jv*] # list function xrefs	aflx  [jv*] # 列出函数交叉引用
u	afm  [name]   # merge two functions.	afm  [name]   # 合并两个函数。
u	afna   # construct a function name and rename the function for the current offset.	afna   # 为当前偏移构造函数名并重命名函数。
u	afs[r]   Analyze function signatures	afs[r]   分析函数签名
u	afu  [addr]   # resize and analyze function from current address until addr.	afu  [addr]   # 从当前地址调整大小并分析函数直到 addr。
u	afv[rbs]   Function variables manipulation	afv[rbs]   函数变量操作
u	agD[format]  Show the current function dominator tree	agD[format]  显示当前函数支配树
u	ah[lba-]  analysis Hints	ah[lba-]  分析提示
u	ahb [8|16|32|64] [@ addr]   Define asm.bits hint at given address	ahb [8|16|32|64] [@ addr]   在给定地址定义 asm.bits 提示
u	ahi [2|8|10|10u|16|bodhipSs] [@ offset]   Define numeric base	ahi [2|8|10|10u|16|bodhipSs] [@ offset]   定义数字基数
u	aho [optype] [@ addr]   Define opcode type hint	aho [optype] [@ addr]   定义操作码类型提示
u	ahr addr   Set instruction as return type (similar to 'aho ret'?)	ahr addr   将指令设置为返回类型（类似 'aho ret'？）
u	ahs [size] [@ addr]   Define opcode size hint	ahs [size] [@ addr]   定义操作码大小提示
u	aht[s] [addr|type]  mark immediate as type offset (moved to aho)	aht[s] [addr|type]  将立即数标记为类型偏移（移至 aho）
u	ai  [j*] [sz] # analysis/address information/imports	ai  [j*] [sz] # 分析/地址信息/导入
u	an  [aj*] # analyze name for the current address (see fd and aan commands)	an  [aj*] # 为当前地址分析名称（参见 fd 和 aan 命令）
u	ano  [*] # function anotations	ano  [*] # 函数注释
u	ao[e?] [len]  analyze Opcodes	ao[e?] [len]  分析操作码
u	aob[mvj] [hex]  decode every bit of the analyzed opcode	aob[mvj] [hex]  解码被分析操作码的每一位
u	aom[ljd] [arg]  list opcode mnemonics	aom[ljd] [arg]  列出操作码助记符
u	aot[l]  list opcode types	aot[l]  列出操作码类型
u	ap[?]   # analyze prelude in current offset	ap[?]   # 分析当前偏移处的前导
u	ar  # Analysis Registers	ar  # 分析寄存器
u	ara[+-s]  register Arena Push/Pop/Swap	ara[+-s]  寄存器 Arena 压入/弹出/交换
u	arp   # Register profile commands	arp   # 寄存器配置文件命令
u	arv  [reg] [idx] [wordsize] [= value]  Show analysis vector packed registers	arv  [reg] [idx] [wordsize] [= value]  显示分析向量打包寄存器
u	arw   # Set contents of the register arena	arw   # 设置寄存器 arena 的内容
u	as[ljk?]  syscall name <-> number utility	as[ljk?]  系统调用名称 <-> 编号工具
u	at[flmj] [参数]  Search for instructions matching type/family/mnemonic	at[flmj] [参数]  搜索匹配类型/家族/助记符的指令
u	av[?jr*]   C++ vtables and RTTI	av[?jr*]   C++ vtable 和 RTTI
u	avg   # analyze variable global	avg   # 分析全局变量
u	ax[?d-l*]   # see also 'afx?'	ax[?d-l*]   # 另见 'afx?'
u	axf[?gq*]  find data/code references from this address	axf[?gq*]  从此地址查找数据/代码引用
u	axl[jcq]  show global xrefs	axl[jcq]  显示全局交叉引用
u	axt[?gq*]  find data/code references to this address	axt[?gq*]  查找指向此地址的数据/代码引用
u	axv[?j]  show xrefs to local variables in current function	axv[?j]  显示当前函数中局部变量的交叉引用
u	b[f] [arg]  change working block size	b[f] [arg]  更改工作块大小
u	b[p]<command> [值]  Backward search subcommands	b[p]<command> [值]  反向搜索子命令
u	c  Search for crypto materials	c  搜索加密材料
u	c[?dfx] [argument]   # Compare	c[?dfx] [argument]   # 比较
u	cc[aAldpb] [algo] [digest]  find collisions	cc[aAldpb] [algo] [digest]  查找碰撞
u	cg  Graph compare	cg  图比较
u	ci [sil] ([obid])  Compare two bin objects	ci [sil] ([obid])  比较两个 bin 对象
u	cmp  [file] [file]  Compare two ($alias) files, and change $? value	cmp  [file] [file]  比较两个（$alias）文件，并更改 $? 值
u	cu  [offset]  # Prints unified comparison to make hexpatches	cu  [offset]  # 打印统一比较以生成十六进制补丁
u	cw [args]  Manage compare watchers; See if and how memory changes	cw [args]  管理比较观察器；查看内存是否以及如何变化
u	d   # Debug commands	d   # 调试命令
u	d delta  search for a deltified sequence of bytes.	d delta  搜索增量化的字节序列
u	dL   List or set debugger handler	dL   列出或设置调试器处理程序
u	db   # Breakpoints commands	db   # 断点命令
u	dbi   # Manipulate breakpoints by index	dbi   # 按索引操作断点
u	dbt   # Backtrace commands	dbt   # 回溯命令
u	dbw <addr> <r/w/rw>   # Add watchpoint	dbw <addr> <r/w/rw>   # 添加观察点
u	dc  Execution continuation commands	dc  执行继续命令
u	dcs   Continue until syscall	dcs   继续直到系统调用
u	dcu   Continue until address	dcu   继续直到地址
u	dd  Manage file descriptors for child process (* to show r2 commands)	dd  管理子进程的文件描述符（* 显示 r2 命令）
u	dg  [a] ([file]) # Debug Generate CoreDump	dg  [a] ([file]) # 调试生成 CoreDump
u	di  Debugger target information	di  调试器目标信息
u	dk  Signal commands	dk  信号命令
u	dko   # Signal handling commands	dko   # 信号处理命令
u	dm   # Memory maps commands	dm   # 内存映射命令
u	dmh   # Memory map heap	dmh   # 内存映射堆
u	dmi   # List/load Symbols	dmi   # 列出/加载符号
u	dmm   # Module memory maps commands	dmm   # 模块内存映射命令
u	dmp   Change page permissions	dmp  更改页权限
u	dms   # Memory map snapshots	dms   # 内存映射快照
u	do   # Debug (re)open commands	do   # 调试（重新）打开命令
u	dp   # Process commands	dp   # 进程命令
u	dr  Registers commands	dr  寄存器命令
u	drs   # Register states commands	drs   # 寄存器状态命令
u	drv  [reg] [idx] [wordsize] [= value]  Show vector packed registers	drv  [reg] [idx] [wordsize] [= value]  显示向量打包寄存器
u	ds  Step commands	ds  步进命令
u	dsu  Step until commands	dsu  步进直到命令
u	dt  Trace commands	dt  跟踪命令
u	dts[*]  Trace sessions	dts[*]  跟踪会话
u	dx [aers]   Debug execution commands	dx [aers]   调试执行命令
u	dxe   egg-program # see ragg2 and the 'g' command for more details	dxe   egg 程序 # 更多详情参见 ragg2 和 'g' 命令
u	e [var[=value]]  Evaluable vars	e [var[=value]]  可求值变量
u	eco[jc] [theme]  load theme (cf. Path and dir.prefix)	eco[jc] [theme]  加载主题（参见 Path 和 dir.prefix）
u	f    search forwards, command modifier, followed by other command	f    向前搜索，命令修饰符，后跟其他命令
u	f [?] [flagname]   # Manage offset-name flags	f [?] [flagname]   # 管理偏移-名称标志
u	f [?|-name| name] [@addr]   # Manage flagzones	f [?|-name| name] [@addr]   # 管理标志区
u	f=  [glob]   # Grep flag names using glob expression	f=  [glob]   # 使用 glob 表达式 grep 标志名
u	fD[*.j]  [rawname]   # filter/mangle raw symbol name to be valid flag name	fD[*.j]  [rawname]   # 过滤/混淆原始符号名以成为有效标志名
u	fV [*-] [nkey] [offset]   # dump/restore visual marks (mK/'K)	fV [*-] [nkey] [offset]   # 转储/恢复可视化标记（mK/'K）
u	fc <flagname> [color]   # List colors with 'ecs'	fc <flagname> [color]   # 使用 'ecs' 列出颜色
u	fd[d]  [offset|flag|expression]   # Describe flags	fd[d]  [offset|flag|expression]   # 描述标志
u	fs [*] [+-][flagspace|addr]   # Manage flagspaces	fs [*] [+-][flagspace|addr]   # 管理标志空间
u	ft [?ln] ([k] [v ...])  # Grep flag names using glob expression	ft [?ln] ([k] [v ...])  # 使用 glob 表达式 grep 标志名
u	g  search for gadgets	g  搜索小工具
u	g[wcilper] [arg]  Go compile shellcodes using asm.arch/bits/os	g[wcilper] [arg]  使用 asm.arch/bits/os 编译 shellcode
u	gk  query stored gadgets	gk  查询已存储的小工具
u	i  Get info from opened file (see rabin2's manpage)	i  获取已打开文件的信息 (见 rabin2 手册)
u	iE [][jq*]  List exported symbols	iE [][jq*]  列出导出符号
u	iS [][jq*]  List sections and segments	iS [][jq*]  列出段和片段
u	ic [.-+clgjsq][jq]  Display class information	ic [.-+clgjsq][jq]  显示类信息
u	id  Debug information	id  调试信息
u	idl  Debug information	idl  调试信息
u	ie [qj=]  Show entrypoints and constructors	ie [qj=]  显示入口点和构造函数
u	ih [*jq]  Display header information	ih [*jq]  显示头部信息
u	ii [+-?cj*,]  List/edit imports (volatile, does not modify the binary)	ii [+-?cj*,]  列出/编辑导入（易失，不修改二进制）
u	iic [jkq*]  info import classes	iic [jkq*]  导入类信息
u	is [*hjq]  List symbols from current selected binary	is [*hjq]  列出当前所选二进制的符号
u	iu [,joq*x] [directory]  Inspect or safely extract binary resources	iu [,joq*x] [directory]  检查或安全提取二进制资源
u	ix [u|S|SS] [directory]  Extract binary data to disk	ix [u|S|SS] [directory]  将二进制数据提取到磁盘
u	iz [?jq*] ([skip] [count])  List strings	iz [?jq*] ([skip] [count])  列出字符串
u	j[:o]in  run command with json facilities or join two files	j[:o]in  使用 json 功能运行命令或合并两个文件
u	k[j] [foo]  search for string using Rabin Karp algorithm	k[j] [foo]  使用 Rabin Karp 算法搜索字符串
u	k[s] [key[=value]]  Sdb Query	k[s] [key[=value]]  Sdb 查询
u	l[erls] [arg]  Internal less (~..) and file listing (!ls)	l[erls] [arg]  内部 less (~..) 和文件列表 (!ls)
u	m[-?*dgy] [...]   Mountpoints management	m[-?*dgy] [...]   挂载点管理
u	mf[no] [...]  search files matching name or offset	mf[no] [...]  搜索匹配名称或偏移的文件
u	o [file] ([offset])  Open and close files, maps, and banks	o [file] ([offset])  打开和关闭文件, 映射和存储区
u	o-[#!*$.-]  close opened files	o-[#!*$.-]  关闭已打开的文件
u	ob  List open binary files backed by fd	ob  列出由 fd 支持的已打开二进制文件
u	oba [addr] ([filename])  Load bininfo and update flags	oba [addr] ([filename])  加载 bininfo 并更新标志
u	om [arg]  Map opened files	om [arg]  映射已打开的文件
u	omb[+-adgq] [fd]  Operate on memory banks	omb[+-adgq] [fd]  操作内存 bank
u	omn[.i] ([addr]) [name]  Define a name for the given map	omn[.i] ([addr]) [name]  为给定映射定义名称
u	omt [arg]  Manpilate IO map typings	omt [arg]  操作 IO 映射类型
u	omv  ([mapid]) [addr]  Move map to another address	omv  ([mapid]) [addr]  将映射移动到另一个地址
u	on[n+*] [file] ([addr] [rwx])  Open file without parsing headers	on[n+*] [file] ([addr] [rwx])  打开文件而不解析头
u	oo [arg]  Map opened files	oo [arg]  映射已打开的文件
u	ood  Debug (re)open commands	ood  调试（重新）打开命令
u	p-[hej] [nblocks]   bar|json|histogram blocks	p-[hej] [nblocks]   条形|json|直方图块
u	p6[d|e][s|z]  [len]  base64 decoding/encoding	p6[d|e][s|z]  [len]  base64 解码/编码
u	p8[*fjx]  [len]  8bit hexpair list of bytes (see pcj)	p8[*fjx]  [len]  8 位十六进制对字节列表（参见 pcj）
u	p=[=bep?][qj] [N] ([len]) ([offset])   show entropy/printable chars/chars bars	p=[=bep?][qj] [N] ([len]) ([offset])   显示熵/可打印字符/字符条
u	pF[abJopxABX][*vqjz] [len]  parse ASN1, PKCS, X509, DER, protobuf, axml, JWT	pF[abJopxABX][*vqjz] [len]  解析 ASN1、PKCS、X509、DER、protobuf、axml、JWT
u	p[dD][ajbrfils] [[-]len]   # Print N bytes/instructions bw/forward	p[dD][ajbrfils] [[-]len]   # 打印 N 字节/指令 向后/向前
u	p[p]  [pattern]  Search for patterns or preludes	p[p]  [pattern]  搜索模式或前奏
u	pa[edD] [asm|hex]  Print (dis)assembly	pa[edD] [asm|hex]  打印（反）汇编
u	pc   # Print in code	pc   # 以代码打印
u	pdc[acjlot*]  experimental, unreliable and hacky pseudo-decompiler	pdc[acjlot*]  实验性、不可靠且 hacky 的伪反编译器
u	pde[q|qq|j] [N]  Disassemble N instructions following execution flow from current PC	pde[q|qq|j] [N]  从当前 PC 跟随执行流反汇编 N 条指令
u	pdf[sj]   # disassemble function (needs to be analized with 'af' or so)	pdf[sj]   # 反汇编函数（需要用 'af' 等分析）
u	pdg  # Native Ghidra decompiler plugin	pdg  # 原生 Ghidra 反编译器插件
u	pds[*|b|f|s] [N]  Print strings in the disassembly	pds[*|b|f|s] [N]  打印反汇编中的字符串
u	pdu[abciors][j]  Disassemble instructions until condition	pdu[abciors][j]  反汇编指令直到条件
u	pfb  print formatted bitfields	pfb  打印格式化的位域
u	pg[-] [asm|hex]  print (dis)assembled	pg[-] [asm|hex]  打印（反）汇编
u	piE[q]   # print esil of N bytes	piE[q]   # 打印 N 字节的 esil
u	pie[bqf]   # print esil of N instructions	pie[bqf]   # 打印 N 条指令的 esil
u	pif[cj]   # print instructions from function	pif[cj]   # 打印函数的指令
u	pm [file|directory]  Set libmagic reference file or directory (see /m?)	pm [file|directory]  设置 libmagic 引用文件或目录（参见 /m?）
u	po[24aAdlmorsxS]   [hexpairs] @ addr[!bsize] (see also `poke`)	po[24aAdlmorsxS]   [hexpairs] @ addr[!bsize]（另见 `poke`）
u	pp[0|1|2|4|8|a|d|f|n] [len]  print patterns	pp[0|1|2|4|8|a|d|f|n] [len]  打印模式
u	pq[?isz] [len]  generate QR code in ascii art	pq[?isz] [len]  以 ascii art 生成 QR 码
u	pr[glx] [size]  print N raw bytes	pr[glx] [size]  打印 N 个原始字节
u	prc=[#] ([size])   see p=? to find valid values for #	prc=[#] ([size])   参见 p=? 查找 # 的有效值
u	prg[?ilor]  [len]  print raw inflated/decompressed block	prg[?ilor]  [len]  打印原始解压/解压缩块
u	pri [n1sg]  print raw images	pri [n1sg]  打印原始图像
u	ps[abijqpsuwWxz+] [len]  Print String (optionally specify the length)	ps[abijqpsuwWxz+] [len]  打印字符串（可选指定长度）
u	pt [dn]  print timestamps	pt [dn]  打印时间戳
u	pv[1248z][udj]  Print value(s) given size and endian (u for unsigned, d for signed decimal, j for json)	pv[1248z][udj]  打印给定大小和字节序的值（u 为无符号，d 为有符号十进制，j 为 json）
u	pxA [len]  show op analysis color map	pxA [len]  显示操作分析颜色图
u	px[0afoswqWqQ][f]   # Print heXadecimal	px[0afoswqWqQ][f]   # 打印十六进制
u	pxd[1248] ([len])  show decimal byte/short/word/dword dumps	pxd[1248] ([len])  显示十进制字节/短整型/字/双字转储
u	pxu[1248] ([len])  show unsigned decimal byte/short/word/dword dumps	pxu[1248] ([len])  显示无符号十进制字节/短整型/字/双字转储
u	pz[mode][j] [len]  print zoomed blocks (filesize/N)	pz[mode][j] [len]  打印缩放块（filesize/N）
u	r[+-][ size]  Resize file	r[+-][ size]  调整文件大小
u	r[acerwx] [address]   search references to one or more addresses	r[acerwx] [address]   搜索对一个或多个地址的引用
u	s   # Help for the seek commands. See ?$? to see all variables	s   # 定位命令的帮助. 查看所有变量见 ?$?
u	s.  Seek here or there (near seeks)	s.  在此处或彼处 seek（附近 seek）
u	sC  Comment grep	sC  注释 grep
u	s[*] [threshold]  Find sections by grouping blocks with similar entropy.	s[*] [threshold]  通过分组具有相似熵的块来查找节
u	sf  [addr|name]   # Seek for flags and functions using $$ as ref. See also: '?$?~F'	sf  [addr|name]   # 使用 $$ 作为参考 seek 标志和函数。另见：'?$?~F'
u	sh  r2's posix shell compatible subset	sh  r2 的 posix shell 兼容子集
u	sl+ or sl- or slc	sl+ 或 sl- 或 slc
u	ss   # Seek silently (not recorded in the seek history)	ss   # 静默 seek（不记录在 seek 历史中）
u	t  Parse, manage, and print C types	t  解析, 管理和打印 C 类型
u	tc[...]  [type]  Print loaded types	tc[...]  [type]  打印已加载类型
u	tcc [-name]  Type function calling conventions (see also afc? and arcc)	tcc [-name]  类型函数调用约定（另见 afc? 和 arcc）
u	te[...]  Type enum commands	te[...]  类型枚举命令
u	tl[...] [typename] [[=] address]  Type link commands	tl[...] [typename] [[=] address]  类型链接命令
u	tn [-][0xaddr|symname]   manage no-return marks	tn [-][0xaddr|symname]   管理 no-return 标记
u	tp[vx]  <type> [...]  Print type	tp[vx]  <type> [...]  打印类型
u	tt[...]  Type typedef commands	tt[...]  类型 typedef 命令
u	tv[...]  [type]  View types with offsets and xrefs	tv[...]  [type]  查看带偏移和交叉引用的类型
u	tx[.tflg] [...]  Function types	tx[.tflg] [...]  函数类型
u	u  uname or undo write/seek	u  uname 或撤销写入/seek
u	uc [cmd],[revert-cmd]  undo core commands (see `e cmd.undo`)	uc [cmd],[revert-cmd]  撤销核心命令（参见 `e cmd.undo`）
u	uname  show information about the current system	uname  显示当前系统信息
u	wc[jir+-*?]    # See `e io.cache = true`	wc[jir+-*?]    # 参见 `e io.cache = true`
u	wf[fs] [-|args ..]   Write from (file, swap, offset)	wf[fs] [-|args ..]   从（文件、交换、偏移）写入
u	wo[asmdxoArl24]   [hexpairs] @ addr[!bsize] write operation in current block	wo[asmdxoArl24]   [hexpairs] @ addr[!bsize] 在当前块中写入操作
u	ws[124?] [string]  Pascal strings are not null terminated and store the length in binary at the beginning	ws[124?] [string]  Pascal 字符串不以 null 终止，并在开头以二进制存储长度
u	wt[afs] [filename] [size]   Write current block or [size] bytes from offset to file	wt[afs] [filename] [size]   将当前块或从偏移开始的 [size] 字节写入文件
u	wv[size] [value]   Write 'value' of given 'size'	wv[size] [value]   写入给定 'size' 的 'value'
u	y[fptxy] [len] [[@]addr]   # See wd? for memcpy, same as 'yf'.	y[fptxy] [len] [[@]addr]   # memcpy 参见 wd?，与 'yf' 相同。
u	z/[f*]   # Search signatures (see 'e?search' for options)	z/[f*]   # 搜索签名（选项参见 'e?search'）
u	z[*j-aof/cs] [args]   # Manage zignatures	z[*j-aof/cs] [args]   # 管理 zignature
u	za[fFM?] [args]   # Add zignature	za[fFM?] [args]   # 添加 zignature
u	zb[r?] [args]  # search for closest matching signatures	zb[r?] [args]  # 搜索最接近的匹配签名
u	zc[n!] other_space   # Compare zignspaces, match >= threshold (e zign.diff.*)	zc[n!] other_space   # 比较 zignspace，匹配 >= 阈值（e zign.diff.*）
u	zf[dlsz] filename   # Manage FLIRT signatures	zf[dlsz] filename   # 管理 FLIRT 签名
u	zo[zs] filename   # Manage zignature files (see dir.zigns)	zo[zs] filename   # 管理 zignature 文件（参见 dir.zigns）
u	zs[+-*] [namespace]   # Manage zignspaces	zs[+-*] [namespace]   # 管理 zignspace
u	{"cmd":"...","json":false,"trim":true} # `cmd` is required	{"cmd":"...","json":false,"trim":true} # 必需提供 `cmd`
d	     In view: t=text mode, x=hex mode, j/k=scroll, h/l=page	     In view: t=文本模式，x=十六进制模式，j/k=滚动，h/l=翻页
d	    cparse, d, es6, exe, go, js, lsp, pl, py, rb, sh, vala or zig file	    cparse、d、es6、exe、go、js、lsp、pl、py、rb、sh、vala 或 zig 文件
d	  Arrows: Navigate files	  Arrows: 导航文件
d	  Enter:  Enter directory / Open file	  Enter:  进入目录 / 打开文件
d	  File Operations:	  文件操作:
d	  Left:  Mounted filesystem (r_fs) - optional path parameter	  Left:  挂载的文件系统（r_fs）- 可选路径参数
d	  Navigation:	  导航:
d	  Other:	  其他:
d	  Right: Local filesystem - optional path parameter	  Right: 本地文件系统 - 可选路径参数
d	  Tab:    Switch panels	  Tab:    切换面板
d	  Two-panel file manager interface	  双面板文件管理器界面
d	  c: Copy file to other panel	  c: 复制文件到另一个面板
d	  continue means enter into the signal handler	  continue 表示进入信号处理程序
d	  d: Delete file/directory	  d: 删除文件/目录
d	  h: Show help	  h: 显示帮助
d	  i: Show file/filesystem info	  i: 显示文件/文件系统信息
d	  m: Make new directory	  m: 创建新目录
d	  o: Change sort order (fs/name/size)	  o: 更改排序顺序（fs/名称/大小）
d	  q: Quit Miknight Commander	  q: 退出 Miknight Commander
d	  r: Refresh both panels	  r: 刷新两个面板
d	  s: Seek to file address and quit to r2	  s: 跳转到文件地址并退出到 r2
d	  skip means do not enter into the signal handler	  skip 表示不进入信号处理程序
d	  v: View file (hex/text with metadata)	  v: 查看文件（带元数据的十六进制/文本）
d	 */head/10      same as | head -n 10	 */head/10      同 | head -n 10
d	 */page/1/10    show the first 10 rows (/page/2/10 will show the 2nd)	 */page/1/10    显示前 10 行 (/page/2/10 显示第 2 页)
d	 */skip/10      skip the first 10 rows	 */skip/10      跳过前 10 行
d	 */tail/10      same as | tail -n 10	 */tail/10      同 | tail -n 10
d	 */uniq         get the first row of each that col0 is unique	 */uniq         取每组 col0 唯一的第一行
d	 :%.2f          .tostring() == .toformat()        # format output	 :%.2f          .tostring() == .toformat()        # 格式化输出
d	 :csv           .tostring() == .tocsv()        # supports import/export	 :csv           .tostring() == .tocsv()        # 支持导入/导出
d	 :header        show column headers (see :quiet and :noheader)	 :header        显示列头 (见 :quiet 和 :noheader)
d	 :quiet         do not print column names header	 :quiet         不打印列名头
d	 :r2            .tostring() == .tor2()         # supports import/export	 :r2            .tostring() == .tor2()         # 支持导入/导出
d	 :simple        simple table output without lines	 :simple        不带线条的简单表格输出
d	 :sql           .tostring() == .tosql() # export table contents in SQL statements	 :sql           .tostring() == .tosql() # 以 SQL 语句导出表内容
d	 :tsv           .tostring() == .totsv()        # supports import/export	 :tsv           .tostring() == .totsv()        # 支持导入/导出
d	 c/cols/c1/c2   only show selected columns	 c/cols/c1/c2   仅显示所选列
d	 c/eq/0x800     grep rows matching col0 == 0x800	 c/eq/0x800     过滤 col0 == 0x800 的行
d	 c/gt/0x800     grep rows matching col0 > 0x800	 c/gt/0x800     过滤 col0 > 0x800 的行
d	 c/lt/0x800     grep rows matching col0 < 0x800	 c/lt/0x800     过滤 col0 < 0x800 的行
d	 c/maxlen/3     grep rows matching strlen(col) < X	 c/maxlen/3     过滤 strlen(col) < X 的行
d	 c/minlen/3     grep rows matching strlen(col) > X	 c/minlen/3     过滤 strlen(col) > X 的行
d	 c/ne/0x800     grep rows matching col0 != 0x800	 c/ne/0x800     过滤 col0 != 0x800 的行
d	 c/nostr/warn   grep rows not matching col(name).str(warn)	 c/nostr/warn   过滤不匹配 col(name).str(warn) 的行
d	 c/sort/inc     sort rows by given colname	 c/sort/inc     按给定列名排序行
d	 c/sortlen/inc  sort rows by strlen()	 c/sortlen/inc  按 strlen() 排序行
d	 c/str/warn     grep rows matching col(name).str(warn)	 c/str/warn     过滤 col(name).str(warn) 匹配的行
d	 c/strlen/3     grep rows matching strlen(col) == X	 c/strlen/3     过滤 strlen(col) == X 的行
d	 c/sum          sum all the values of given column	 c/sum          对给定列的所有值求和
d	 de r r rip       # stop when reads rip	 de r r rip       # 当读取 rip 时停止
d	 de rw m ADDR     # stop when read or write in ADDR	 de rw m ADDR     # 当读取或写入 ADDR 时停止
d	 de w r rdx       # stop when rdx register is modified	 de w r rdx       # 当 rdx 寄存器被修改时停止
d	 de x m FROM..TO  # stop when rip in range	 de x m FROM..TO  # 当 rip 在范围内时停止
d	# Decompile and write recovered names, types and signature back into r2	# 将恢复的名称、类型和签名反编译并写回 r2
d	# Decompile current function side by side with offsets	# 将当前函数与偏移量并排反编译
d	# Decompile current function with the Ghidra decompiler	# 使用 Ghidra 反编译器反编译当前函数
d	# Decompiled code is returned to r2 as comment	# 反编译后的代码作为注释返回给 r2
d	# Disassemble N instructions with Sleigh and print pcode	# 使用 Sleigh 反汇编 N 条指令并打印 pcode
d	# Display automatically matched Sleigh Language ID	# 显示自动匹配的 Sleigh 语言 ID
d	# Display loaded Sleigh Languages (alias for pdgL)	# 显示已加载的 Sleigh 语言（pdgL 的别名）
d	# Dump the XML of the current decompiled function	# 导出当前反编译函数的 XML
d	# Dump the current decompiled function as JSON	# 将当前反编译函数导出为 JSON
d	# Dump the debug XML Dump	# 导出调试 XML Dump
d	# Path to ghidra sleigh directory (same as r2ghidra.sleighhome)	# ghidra sleigh 目录的路径（与 r2ghidra.sleighhome 相同）
d	# Side by side two column disasm and decompilation	# 并排两列反汇编和反编译
d	# Switch to RAsm and RAnal plugins driven by SLEIGH from Ghidra	# 切换到由 Ghidra 的 SLEIGH 驱动的 RAsm 和 RAnal 插件
d	# arg7=@300@ABCD # 300 chars filled with ABCD pattern	# arg7=@300@ABCD # 300 个字符填充 ABCD 模式
d	# preload=/lib/libfoo.so # you can load more than one lib by using this directive many times	# preload=/lib/libfoo.so # 你可以通过多次使用此指令加载多个库
d	# stdin=input.txt # or !program to redirect input from another program	# stdin=input.txt # 或 !program 从另一个程序重定向输入
d	# timeoutsig=SIGTERM # or 15	# timeoutsig=SIGTERM # 或 15
d	$$	此处（当前虚拟定位）
d	$$$	当前非临时虚拟定位
d	$$$c	光标 + 当前非临时虚拟定位
d	$$c	光标位置相对于当前偏移量（以前是 $O）
d	$?	上一次比较值
d	$B	基地址（对齐的最低映射地址）
d	$BB	基本块起始
d	$BC	此块的分支数量
d	$BC:#	第 n 个分支的地址
d	$BE	基本块结束
d	$BS	基本块大小
d	$Bf	从基本块失败/落入的地址
d	$Bi	基本块指令
d	$Bj	从基本块跳出的地址
d	$Cn	获取函数的第 n 次调用
d	$D	当前调试映射基地址 ?v $D @ rsp
d	$DA	与 dbg.baddr 相同，程序基地址
d	$DB	$D 的别名
d	$DD	当前调试映射距离
d	$DS	当前调试映射大小
d	$F	与 $FB 相同
d	$FB	函数起始
d	$FE	函数结束
d	$FI	函数指令
d	$FS	bbsum 函数大小
d	$Fc:nth	第 n 次调用
d	$Fj:nth	第 n 次跳转
d	$Fr	获取函数中的第 n 个数据引用
d	$Fs	线性函数大小
d	$Fx:nth	第 n 个交叉引用
d	$M	映射地址（最低映射地址）
d	$MB	$M 的别名
d	$MD	比较当前偏移量和 map.addr 的映射距离
d	$ME	映射结束地址
d	$MM	映射基地址
d	$MS	映射大小
d	$P	子进程的 pid（仅在调试中）
d	$SB[:{name}]	节起始
d	$SD[:{name}]	当前偏移量与节起始之间的距离
d	$SE[:{name}]	节结束地址
d	$SS[:{name}]	节大小
d	$S[:{name}]	节偏移量（$SB 的别名）
d	$[addr:size]	获取 eval 配置变量的值
d	$alias=value	别名命令（命令，不是数字变量）
d	$b	块大小（参见 b 命令和 @! 运算符）
d	$c	获取终端宽度（字符列数）
d	$f[:{name}]	当前地址或给定名称的标志地址
d	$fd[:{name}]	标志增量（地址 - current_address）
d	$fe[:{name}]	标志结束（地址 + 大小）
d	$fs[:{name}]	标志大小
d	$ie	如果到达基本块末尾则为 1，否则为 0
d	$if	跳转失败地址（例如 jz 0x10 => 下一条指令）
d	$ij	跳转地址（例如 jmp 0x10, jz 0x10 => 0x10）
d	$in:{n}	向前第 n 条指令的地址
d	$ip:{n}	向后第 n 条指令的地址（s $I1@$Fe）#基本块中的最后一条指令
d	$ir	指令引用指针值（例如 lea rax, 0x8010 => 0x8010）
d	$is[:{n}]	N 条指令大小
d	$iv	操作码立即数值（例如 lui a0,0x8010 => 0x8010）
d	$k{kv}	获取 sdb 查询值的值
d	$o	此处（当前磁盘 io 偏移量）
d	$p	获取进程号
d	$r	获取控制台高度（行数，列数见 $c）
d	$r{reg}	获取寄存器 <reg> 的值（支持 $r{PC} 和 $r:PC）
d	$s	文件大小
d	$variables usable in math expressions	$变量可用于数学表达式
d	$w	获取字大小，如果 asm.bits=32 则为 4，如果为 64 则为 8，...
d	${ev}	获取 eval 配置变量的值，例如：?vi ${bin.baddr}
d	&=  and	&=  与
d	&= and	&= 与
d	'big' or 'little'	'big' 或 'little'
d	'fmt' is a 'pf?' style format string. It controls only the display format.	'fmt' 是 'pf?' 风格的格式字符串。它仅控制显示格式。
d	'sz' indicates the byte size taken up by struct.	'sz' 表示结构体占用的字节大小。
d	(de)mangle flag or set a new flag	(解)混淆标志或设置新标志
d	*=  multiply	*=  乘法
d	*= multiply	*= 乘法
d	+ {code}|"str"|0210|: asm	+ {code}|"str"|0210|: 汇编
d	+=  addition (f.ex: poa 0102)	+=  加法（例如：poa 0102）
d	+= addition (f.ex: woa 0102)	+= 加法（例如：woa 0102）
d	- Analyze sBPF strings and create flags	- 分析 sBPF 字符串并创建标志
d	- Display sBPF strings	- 显示 sBPF 字符串
d	-=  substraction	-=  减法
d	-= substraction	-= 减法
d	.bytes with instructions in comments	.bytes 在注释中带指令
d	/=  divide	/=  除法
d	/= divide	/= 除法
d	0xHEX value and flag (fd @ addr) (see 'd' and 'i')	0xHEX 值和标志（fd @ addr）（参见 'd' 和 'i'）
d	1 bitmap image	1 位图图像
d	1 if end of block, else 0	如果到达基本块末尾则为 1，否则为 0
d	10base offset 64bit value	10base 偏移 64 位值
d	16,BITS  # change bits, useful for arm/thumb	16,BITS  # 更改位数，对 arm/thumb 有用
d	2 bitfields, first of 3 bits and second of 4	2 位域，第一个 3 位，第二个 4 位
d	24bit hexdump	24 位十六进制转储
d	2=  2 byte endian swap	2=  2 字节字节序交换
d	2= 2 byte endian swap (word)	2= 2 字节字节序交换（字）
d	3-array of struct, each with named fields: 'foo' as hex, and 'bar' as int	3-结构体数组，每个都有命名字段：'foo' 为十六进制，'bar' 为整数
d	31bit small integer, ignore lower bit (>>=1)	31 位小整数，忽略低位（>>=1）
d	32bit pointer to string (4 bytes)	32 位字符串指针（4 字节）
d	4=  4 byte endian swap	4=  4 字节字节序交换
d	4= 4 byte endian swap (dword)	4= 4 字节字节序交换（双字）
d	64bit pointer to string (8 bytes)	64 位字符串指针（8 字节）
d	8= 8 byte endian swap (qword)	8= 8 字节字节序交换（四字）
d	8bit hexpair list of bytes	8 位十六进制字节对列表
d	8bit hexpair list of bytes until zero byte	8 位十六进制字节对列表直到零字节
d	8x8 2bpp-tiles	8x8 2bpp 瓦片
d	<<= shift left	<<= 左移
d	<type> [addr|varname]  cast data at <address> to <type> and print it (XXX: type can contain spaces)	<type> [addr|varname]  将 <address> 处的数据转换为 <type> 并打印（XXX：类型可包含空格）
d	== write looped value (alias for 'wb')	== 写入循环值（'wb' 的别名）
d	=[:!+-=ghH] [...]   # connect with other instances of r2	=[:!+-=ghH] [...]   # 与其他 r2 实例连接
d	>>= shift right	>>= 右移
d	Add a compare watcher (cmd is optional)	添加比较观察器（cmd 可选）
d	Append '?' to any char command to get detailed help	在任意字符命令后追加 '?' 可获取详细帮助
d	BF16 value (2 bytes)	BF16 值（2 字节）
d	Based on flags or methods calls found inside that function.	基于该函数内找到的标志或方法调用。
d	C array of bytes with instructions	C 字节数组带指令
d	C char * multiline string	C char * 多行字符串
d	C dwords (8 byte)	C 双字（8 字节）
d	C half-words (2 byte)	C 半字（2 字节）
d	C words (4 byte)	C 字（4 字节）
d	CPU register `pf r (eax)plop`	CPU 寄存器 `pf r (eax)plop`
d	Call sym._add(1,2)	调用 sym._add(1,2)
d	Commands:	命令:
d	Compute and print block signature	计算并打印块签名
d	Compute collisions between signatures	计算签名之间的冲突
d	Ct annotations are display metadata and do not change analyzed types	Ct 注释是显示元数据，不改变分析的类型
d	De Bruijn Patterns	De Bruijn 模式
d	Define macro or load r2, cparse or rlang file	定义宏或加载 r2、cparse 或 rlang 文件
d	Delete watcher	删除观察器
d	Environment:	环境:
d	Examples:	示例:
d	Flags: paged, private, persistent, aslr, swap, dep, enclave, compressed, encrypted, large	标志: paged, private, persistent, aslr, swap, dep, enclave, compressed, encrypted, large
d	Format:	格式:
d	Full list, but in JSON format	完整列表，但为 JSON 格式
d	GAS .byte blob	GAS .byte 块
d	Graph commands:	图形命令:
d	Hashbang to run an rlang script	运行 rlang 脚本的 Hashbang
d	HexII compact binary representation	HexII 紧凑二进制表示
d	Hint the analysis to make the instruction 16 bytes in size	提示分析使指令大小为 16 字节
d	JSON: resolved dyncc info (ret, rets, args, arg_homes, argn) for the current function	JSON：当前函数的已解析 dyncc 信息（ret、rets、args、arg_homes、argn）
d	Legend:	图例:
d	Like 'cc' but using hexdiff output	类似 'cc' 但使用 hexdiff 输出
d	List all namespaces and sdb databases in JSON format	以 JSON 格式列出所有命名空间和 sdb 数据库
d	List analysis plugins (See rasm2 -L)	列出分析插件（参见 rasm2 -L）
d	List arch plugins (See rasm2 -L)	列出架构插件（参见 rasm2 -L）
d	List basic blocks of given function	列出给定函数的基本块
d	List classes hirearchy graph with agn/age (match str if provided)	列出类层次图，使用 agn/age（如果提供则匹配 str）
d	List classes, in quiet mode (just the classname)	列出类，静默模式（仅类名）
d	List classes, in quieter mode (only show non-system classnames)	列出类，更静默模式（仅显示非系统类名）
d	List classes, methods and fields (icj for json)	列出类、方法和字段（icj 为 json）
d	List classes, methods and fields in Header Format (see bin.lang=swift,java,objc,cxx)	以头文件格式列出类、方法和字段（参见 bin.lang=swift,java,objc,cxx）
d	Load bin info from the io plugin forcing the use of bin.io	从 io 插件加载 bin 信息，强制使用 bin.io
d	Mountpoint Miknight Commander (dual-panel file manager)	挂载点 Miknight Commander（双面板文件管理器）
d	N instruction size	N 条指令大小
d	NOTE: [signal] can be a number or a string that resolves with dk?	NOTE: [signal] 可以是数字或通过 dk? 解析的字符串
d	OFFSET : assembly	OFFSET : 汇编
d	OFFSET { code block }	OFFSET { 代码块 }
d	Only list plugins exposing analyze_fcn callback	仅列出暴露 analyze_fcn 回调的插件
d	Only list the plugin name	仅列出插件名称
d	Output formats:	输出格式:
d	Path:	路径:
d	Prefix with number to repeat command N times (f.ex: 3x)	以数字作前缀将命令重复 N 次（如 3x）
d	Pressing ENTER on empty command will repeat last print command in next page	在空命令上按 ENTER 将在下一页重复最后的打印命令
d	Print block decryption	打印块解密
d	Print block encryption	打印块加密
d	Print first n lines in file (default n=5)	打印文件中的前 n 行（默认 n=5）
d	Print last output	打印上次输出
d	RGB image (same as pri)	RGB 图像（与 pri 相同）
d	RGBA image	RGBA 图像
d	RNum	$变量可用于数学表达式
d	RTableQuery> comma separated. 'c' stands for column name.	RTableQuery> 逗号分隔。'c' 代表列名
d	R_LOG_INFO message	R_LOG_INFO 消息
d	Reopen in debug mode from file (alias for 'oodf')	从文件以调试模式重新打开（'oodf' 的别名）
d	Reopen in debug mode with args (alias for 'ood')	带参数以调试模式重新打开（'ood' 的别名）
d	Revert watcher	还原观察器
d	Same as zaF but merge signatures of same name	与 zaF 相同但合并同名签名
d	Same with X509	与 X509 相同
d	Show a friendly message	显示友好消息
d	Show addresses of class and it methods, without names (iclc = class count)	显示类及其方法的地址，不带名称（iclc = 类计数）
d	Show class symbols in an easy to parse format	以易于解析的格式显示类符号
d	Show compare watchers (*=r2 commands, q=quiet, j=json)	显示比较观察器（*=r2 命令，q=静默，j=json）
d	Show comparison watcher for given address	显示给定地址的比较观察器
d	Show map heap help	显示 map heap 帮助
d	Supported sizes: 1, 2, 4, 8	支持的大小: 1、2、4、8
d	TODO: dump current block to tmp file	TODO：将当前块转储到临时文件
d	TODO: variable with bytes in curblock	TODO：curblock 中带字节的变量
d	Table fields:	表字段:
d	The following table contains the 128 ASCII characters.	下表包含 128 个 ASCII 字符。
d	Toggle the basic-block 'folded' attribute	切换基本块 'folded' 属性
d	Type: heap, stack, mmap, mmio, dma, jit, bss, shared, kernel, guard, null, gpu, tls, buffer, cow, pagetables	类型: heap, stack, mmap, mmio, dma, jit, bss, shared, kernel, guard, null, gpu, tls, buffer, cow, pagetables
d	UNIX timestamp (4 bytes)	UNIX 时间戳（4 字节）
d	Unset the instruction size hint in the current offset	取消当前偏移处的指令大小提示
d	Update watcher	更新观察器
d	Usage ecH[iw-?]	用法 ecH[iw-?]
d	Usage ec[s?] [key][[=| ]fg] [bg]	用法 ec[s?] [键][[=| ]前景] [背景]
d	Use io.va for searching in non virtual addressing spaces	用 io.va 在非虚拟寻址空间中搜索
d	Vars:	变量:
d	You may wish to have 'sz' != sizeof (fmt) when you have a large struct	当你有一个大结构体但只识别了其中特定字段时，你可能希望 'sz' != sizeof (fmt)
d	[esil]  show regs/memory accesses used the given expression	[esil]  显示给定表达式使用的寄存器/内存访问
d	[hexpairs]  alias for pdx and pad	[hexpairs]  pdx 和 pad 的别名
d	[len]    show regs used in N bytes (same subcommands as 'aea')	[len]    显示 N 字节中使用的寄存器（与 'aea' 相同的子命令）
d	[ops]    show regs/memory accesses used in N instructions	[ops]    显示 N 条指令中使用的寄存器/内存访问
d	^=  xor  (f.ex: pox 0x90)	^=  异或  （例如：pox 0x90）
d	^= xor (f.ex: wox 0x90)	^= 异或（例如：wox 0x90）
d	a << b => b,a,LSL  # logical shift left (alias: <<)	a << b => b,a,LSL  # 逻辑左移（别名：<<）
d	a >> b => b,a,LSR  # logical shift right (alias: >>)	a >> b => b,a,LSR  # 逻辑右移（别名：>>）
d	a asr b => b,a,ASR  # arithmetic shift right	a asr b => b,a,ASR  # 算术右移
d	a rol b => b,a,ROL  # rotate left	a rol b => b,a,ROL  # 循环左移
d	a ror b => b,a,ROR  # rotate right	a ror b => b,a,ROR  # 循环右移
d	a:blaze    missing help	a:blaze    缺少帮助
d	a:six <target> <len> list xrefs to target address from $$ in current executable section	a:six <target> <len> 列出当前可执行段中从 $$ 到目标地址的交叉引用
d	add a breakpoint at an offset from a module's base	在模块基址的偏移处添加断点
d	add a new backtrace	添加新回溯
d	add a new gadget	添加新 gadget
d	add a new undo command manually	手动添加新撤销命令
d	add a node to the custom graph	向自定义图添加节点
d	add a node with spaces in both title and body	添加标题和正文均含空格的节点
d	add a node with the body specified as base64	添加正文指定为 base64 的节点
d	add a node with title "title1" and body "body1"	添加标题为 "title1"、正文为 "body1" 的节点
d	add a raw function element. See afb+ to add basic blocks to it	添加原始函数元素。参见 afb+ 向其添加基本块
d	add an edge from node "title1 with spaces" to node "title2"	添加从节点 "title1 with spaces" 到节点 "title2" 的边
d	add an edge from the node with "title1" as title to the one with title "title2"	添加从标题为 "title1" 的节点到标题为 "title2" 的节点的边
d	add an edge to the custom graph	向自定义图添加边
d	add an import to the loaded bin object	向已加载的 bin 对象添加导入
d	add ascii/latin1 string	添加 ascii/latin1 字符串
d	add base class	添加基类
d	add basic block by hand (jump, fail, diff)	手动添加基本块（跳转、失败、差异）
d	add basic-block edge for switch-cases	为 switch-case 添加基本块边
d	add breakpoint (see dbg.hwbp)	添加断点（参见 dbg.hwbp）
d	add breakpoint by source line (dwarf)	按源代码行添加断点（dwarf）
d	add class	添加类
d	add code call ref	添加代码调用引用
d	add code ref pointing to addr (from curseek)	添加指向 addr 的代码引用（来自 curseek）
d	add comment for given snapshot	为给定快照添加注释
d	add comment in base64	以 base64 添加注释
d	add comments to args	向参数添加注释
d	add data ref	添加数据引用
d	add data-read ref	添加数据读取引用
d	add data-write ref	添加数据写入引用
d	add flag at current address	在当前地址添加标志
d	add generic code ref	添加通用代码引用
d	add global variable with given type and name	添加给定类型和名称的全局变量
d	add good boy comment at given address	在给定地址添加 good boy 注释
d	add hardware breakpoint	添加硬件断点
d	add indirect code reference (see ax?)	添加间接代码引用（参见 ax?）
d	add inheritance relation	添加继承关系
d	add jmp reference	添加 jmp 引用
d	add multiline comment, end it with '*/'	添加多行注释, 以 '*/' 结束
d	add new class at current seek	在当前 seek 处添加新类
d	add new field at current seek	在当前 seek 处添加新字段
d	add new flagzone named 'math'	添加名为 'math' 的新标志区
d	add new function in current offset with 'main' as name	在当前偏移处添加名为 'main' 的新函数
d	add new log message	添加新日志消息
d	add new method at current seek	在当前 seek 处添加新方法
d	add or set an eval config line in the user rc file	在用户 rc 文件中添加或设置 eval 配置行
d	add string	添加字符串
d	add string (guess latin1/utf16le)	添加字符串（猜测 latin1/utf16le）
d	add string manually (len=auto, type=auto-detect)	手动添加字符串（len=auto，type=auto-detect）
d	add string ref	添加字符串引用
d	add trace for address N times	为地址添加 N 次跟踪
d	add unique comment	添加唯一注释
d	add utf8 string	添加 utf8 字符串
d	add vtable address to class	向类添加 vtable 地址
d	add watchpoint	添加观察点
d	add wide string (utf16)	添加宽字符串（utf16）
d	add zignature	添加 zignature
d	add/edit method	添加/编辑方法
d	add/remove comment	添加/移除注释
d	add/remove comment at given address	在给定地址添加/移除注释
d	address information (show perms, stack, heap, ...)	地址信息（显示权限、栈、堆等）
d	address matching given esil expressions $$ = here	匹配给定 esil 表达式的地址 $$ = here
d	address of incoming (from) basic blocks	传入（from）基本块的地址
d	address of nth instruction backward (s $I1@$Fe) #last instr in bb	向后第 n 条指令的地址（s $I1@$Fe）#基本块中的最后一条指令
d	address of nth instruction forward	向前第 n 条指令的地址
d	address of the nth case	第 n 个分支的地址
d	adds a map to the bank	向 bank 添加映射
d	adds a row using the given format string	使用给定格式字符串添加一行
d	adds the autocomplete value	添加自动补全值
d	alias	标志的偏移量
d	alias $dis to decoded b64 bytes	将 $dis 别名指向解码后的 b64 字节
d	alias $dis to run af, then pdf (quote whole command)	将 $dis 别名指向先执行 af 再执行 pdf（引用整条命令）
d	alias $dis to the af command	将 $dis 别名指向 af 命令
d	alias $dis to the string after '$'	将 $dis 别名指向 '$' 之后的字符串
d	alias commands (command, not numvar)	别名命令（命令，不是数字变量）
d	alias for $D	$D 的别名
d	alias for $M	$M 的别名
d	alias for '%'	'%' 的别名
d	alias for 'af@@ sym.*;af@entry0;afva'	'af@@ sym.*;af@entry0;afva' 的别名
d	alias for 'env' command	'env' 命令的别名
d	alias for 'f foo+=4'	'f foo+=4' 的别名
d	alias for 'f foo-=4'	'f foo-=4' 的别名
d	alias for 'f foo=123'	'f foo=123' 的别名
d	alias for 'f name @ 33' or 'f name 1 33'	'f name @ 33' 或 'f name 1 33' 的别名
d	alias for 'i'	'i' 的别名
d	alias for 'ls'	'ls' 的别名
d	alias for 'px' (print hexadecimal)	'px' 的别名（打印十六进制）
d	alias for 'q'	'q' 的别名
d	alias for 's 0'	's 0' 的别名
d	alias for 's 0x..'	's 0x..' 的别名
d	alias for 's foo'; aliases override flag resolution	's foo' 的别名；别名覆盖标志解析
d	alias for 'sf' or 'sf $$'	'sf' 或 'sf $$' 的别名
d	alias for .[cmd]	.[cmd] 的别名
d	alias for @p:pid	@p:pid 的别名
d	alias for @r:reg	@r:reg 的别名
d	alias for VT (visual textlogs)	VT 的别名（可视化文本日志）
d	alias for `pie $Fi`	`pie $Fi` 的别名
d	alias for aai - analysis information	aai 的别名 - 分析信息
d	alias for afbi	afbi 的别名
d	alias for dcu $$ (continue until current address)	dcu $$ 的别名（继续直到当前地址）
d	alias for pad or pix	pad 或 pix 的别名
d	alias for pdi	pdi 的别名
d	alias for pqs	pqs 的别名
d	alias for s+, act as a relative seek	s+ 的别名，作为相对定位
d	alias for s- (seek history)	s- 的别名（seek 历史）
d	alias for s- aka negative relative seek and script editor	s- 的别名，即反向相对定位与脚本编辑器
d	alias for s..123 (notice the lack of space)	s..123 的别名 (注意没有空格)
d	alias for wc (requires: e io.cache=true)	wc 的别名（需要：e io.cache=true）
d	alias for wx	wx 的别名
d	all regs accessed	所有访问的寄存器
d	all words must match to grep the line	所有词都匹配才过滤该行
d	allocate <size> bytes at <address> (anywhere if address is -1) in child process	在子进程中的 <address> 处分配 <size> 字节（如果地址为 -1 则任意位置）
d	allocate <size> bytes at <address> and promote to huge page	在 <address> 处分配 <size> 字节并提升为大页
d	also works for running r2pipe and rlang scripts	也适用于运行 r2pipe 和 rlang 脚本
d	analyse and launch the visual interactive mode	分析并启动可视化交互模式
d	analyse n bytes for their esil accesses (regs, mem..)	分析 n 字节的 esil 访问（寄存器、内存等）
d	analyse n esil instructions accesses (regs, mem..)	分析 n 条 esil 指令的访问（寄存器、内存等）
d	analysis bbs maps	分析基本块映射
d	analysis commands	分析命令
d	analysis hints (force opcode size, ...)	分析提示（强制操作码大小等）
d	analysis process-thread (like dpt for esil), list threads	分析进程线程（类似 dpt 用于 esil），列出线程
d	analysis stats maps	分析统计映射
d	analysis stats maps (see p-)	分析统计映射（参见 p-）
d	analyze N bytes	分析 N 字节
d	analyze N data words at D depth	在 D 深度分析 N 个数据字
d	analyze N data words at D depth (asm.bits=32)	在 D 深度分析 N 个数据字（asm.bits=32）
d	analyze N data words at D depth (asm.bits=64)	在 D 深度分析 N 个数据字（asm.bits=64）
d	analyze N instructions in M bytes	分析 M 字节中的 N 条指令
d	analyze Opcodes (or emulate it)	分析操作码（或模拟它）
d	analyze all (fcns + bbs) (aa0 to avoid sub renaming)	分析全部（函数 + 基本块）（aa0 以避免子重命名）
d	analyze all flags starting with sym. (af @@ sym.*)	分析所有以 sym. 开头的标志（af @@ sym.*）
d	analyze all function reference graph to find more functions (EXPERIMENTAL)	分析所有函数引用图以找到更多函数（实验性）
d	analyze all functions relationships with flags, type matching and consecutive	分析所有函数关系，使用标志、类型匹配和连续性
d	analyze all jumps	分析所有跳转
d	analyze all meta words (Cd) and add r. named flags for referenced pointers	分析所有元字（Cd）并为引用的指针添加 r. 命名标志
d	analyze all objc references	分析所有 objc 引用
d	analyze all xrefs as functions	分析所有交叉引用作为函数
d	analyze all/given function to convert immediate to linked structure offsets (see tl?)	分析所有/给定函数以将立即数转换为链接结构偏移（参见 tl?）
d	analyze basic block	分析基本块
d	analyze bytes	分析字节
d	analyze code after trap-sleds	分析 trap-sled 之后的代码
d	analyze current instruction as an esil graph	将当前指令分析为 esil 图
d	analyze data in function (use like .adf @@=`afl~[0]`	分析函数中的数据（像这样使用 .adf @@=`afl~[0]`
d	analyze data in function gaps	分析函数间隙中的数据
d	analyze data kind (code, text, data, invalid, ...)	分析数据类型（代码、文本、数据、无效等）
d	analyze data pointers to (from-to)	分析指向的数据指针（从-到）
d	analyze data references to code	分析对代码的数据引用
d	analyze data trampoline (wip) (see 'aod' to describe mnemonics)	分析数据跳板（wip）（参见 'aod' 以描述助记符）
d	analyze data trampolines (wip)	分析数据跳板（wip）
d	analyze esil accesses in basic block (see aea?)	分析基本块中的 esil 访问（参见 aea?）
d	analyze function arguments in a call (afal honors dbg.funcarg)	分析调用中的函数参数（afal 遵循 dbg.funcarg）
d	analyze function arguments/locals	分析函数参数/局部变量
d	analyze function calls (af @@ `pi len~call[1]`)	分析函数调用（af @@ `pi len~call[1]`）
d	analyze function jumptable (adding seg to each elem)	分析函数跳转表（为每个元素添加段）
d	analyze functions	分析函数
d	analyze functions (start at addr or $$)	分析函数（从 addr 或 $$ 开始）
d	analyze functions recursively	递归分析函数
d	analyze given expression and filter for register	分析给定表达式并过滤寄存器
d	analyze len bytes of instructions for references	分析 len 字节的指令以查找引用
d	analyze meaning of every single bit in the current opcode	分析当前操作码中每一位的含义
d	analyze opcode eval expression (see ao)	分析操作码求值表达式（参见 ao）
d	analyze references with ESIL (optionally to address)	使用 ESIL 分析引用（可选到地址）
d	analyze references with ESIL in all functions	使用 ESIL 分析所有函数中的引用
d	analyze symbols (af @@= `isq~[0]`)	分析符号（af @@= `isq~[0]`）
d	analyze syscall using dbg.reg	使用 dbg.reg 分析系统调用
d	analyze where the function entrypoints are	分析函数入口点在哪里
d	analyze which op could be executed in [cycles]	分析在 [cycles] 内可执行哪些操作码
d	analyze xrefs in current section	分析当前段中的交叉引用
d	analyze xrefs in current section 	分析当前段中的交叉引用
d	analyze xrefs starting in current offset until sz bytes are consumed	从当前偏移开始分析交叉引用，直到消耗 sz 字节
d	analyzes 5548 byte array	分析 5548 字节数组
d	and	与
d	appcall in esil	在 esil 中 appcall
d	append an annotation at the current or specified address	在当前或指定地址追加注释
d	append comment at current address	在当前地址追加注释
d	append one line to the notes	向笔记追加一行
d	append to 'filename'	追加到 'filename'
d	append to file	追加到文件
d	append to file with the output of command in HTML	以 HTML 将命令输出追加到文件
d	apply DRCOV coverage	应用 DRCOV 覆盖率
d	apply format object at the given offset	在给定偏移处应用格式对象
d	apply given patch file (see doc/rapatch2.md)	应用给定的补丁文件 (见 doc/rapatch2.md)
d	apply radare patch file. (see wp?)	应用 radare 补丁文件。（参见 wp?）
d	apply the synthesis and report it in json	应用合成并以 json 报告
d	apply the synthesis and report it in json (aftsj)	应用合成并以 json 报告（aftsj）
d	apply to every call in the current function	应用于当前函数中的每个调用
d	apply unified hex patch (see output of cu)	应用统一十六进制补丁（参见 cu 的输出）
d	arch reg size (8, 16, 32, 64)	架构寄存器大小（8、16、32、64）
d	as above but addr not needed	如上但不需要 addr
d	ascii art	字符画
d	ascii art echo (seven segment text, same as ~?ea	ascii 艺术回显（七段数码文本，同 ~?ea
d	ascii-art zoom of console buffer	控制台缓冲的 ASCII 艺术缩放
d	assemble an infinite loop	汇编一个无限循环
d	assemble and execute	汇编并执行
d	assemble code and execute	汇编代码并执行
d	assemble file and show 'wx' op with hexpair bytes of assembled code	汇编文件并显示汇编代码的十六进制对字节的 'wx' 操作
d	assemble file and write bytes	汇编文件并写入字节
d	assemble file and write bytes and show 'wx' op with hexpair bytes of assembled code	汇编文件并写入字节并显示汇编代码的十六进制对字节的 'wx' 操作
d	assemble given instruction and search the bytes	汇编给定指令并搜索字节
d	assemble instruction and execute it	汇编指令并执行它
d	assemble more than one instruction (note the single quote)	汇编多条指令（注意单引号）
d	assign esil expression to basic block (see: aeb, dre, afbd)	将 esil 表达式分配给基本块（参见：aeb、dre、afbd）
d	assign updating internal flags	赋值并更新内部标志
d	assign without updating internal flags	赋值而不更新内部标志
d	associate all maps to the current bank	将所有映射关联到当前 bank
d	associate flag name prefix with given flagspace	将标志名前缀与给定标志空间关联
d	assume this lang to demangle	假定以此语言进行反修饰
d	attach and select pid	附加并选择 pid
d	attach to pid like file fd // HACK	像文件 fd 一样附加到 pid // HACK
d	attach to thread	附加到线程
d	auto set pin in current or given address by flag name (see aaep)	按标志名在当前或给定地址自动设置 pin（参见 aaep）
d	auto-noreturn propagation	自动 no-return 传播
d	automatically compute the size of all flags matching glob	自动计算所有匹配 glob 的标志的大小
d	autoname all fcn.*/sym.func.* functions	自动命名所有 fcn.*/sym.func.* 函数
d	autoname all functions	自动命名所有函数
d	autoname all golang functions	自动命名所有 golang 函数
d	autoname function at current offset	自动命名当前偏移处的函数
d	autoname functions (aang = golang, aanr = noreturn propagation, aanf = afna@@F)	自动命名函数（aang = golang，aanr = noreturn 传播，aanf = afna@@F）
d	autoname functions after aa (see afna)	在 aa 之后自动命名函数（参见 afna）
d	bar|json|histogram blocks (mode: e?search.in)	bar|json|histogram 块（模式：e?search.in）
d	base address (aligned lowest map address)	基地址（对齐的最低映射地址）
d	base64 decode/encode	base64 解码/编码
d	base64 encode the output of the command	对命令输出进行 base64 编码
d	basic block instructions	基本块指令
d	basic block size	基本块大小
d	basic block summary	基本块摘要
d	basic blocks function graph	基本块函数图
d	bb trace tag number: set color and tagname	bb 跟踪标签编号：设置颜色和标签名
d	bbsum function size	bbsum 函数大小
d	begin of basic block	基本块起始
d	begin of function	函数起始
d	bin ops	bin 操作
d	binary (any number is valid)	二进制（任意数字均有效）
d	binary info	二进制信息
d	bind both addresses for reflines purposes	为 reflines 目的绑定两个地址
d	bitfield type	位域类型
d	bitstream of N bits	N 位的位流
d	bitstream of N bytes	N 字节的位流
d	block prompt until pid dies	阻塞提示直到 pid 死亡
d	block size	块大小
d	block size (see b command and the @! operator)	块大小（参见 b 命令和 @! 运算符）
d	block size = file size (b $s)	块大小 = 文件大小 (b $s)
d	braile art rendering (agfb)	braile art 渲染（agfb）
d	break task 3	中断任务 3
d	breakpoints commands	断点命令
d	bring coretasks jobs to the foreground (see '&' command)	将核心任务作业带到前台（参见 '&' 命令）
d	but have only identified specific fields in it. In that case, use 'fmt'	但只识别了其中特定字段。在这种情况下，使用 'fmt'
d	byte (unsigned)	字节（无符号）
d	byte in decimal	十进制字节
d	calculate entropy and expand to 0-255 range	计算熵并扩展到 0-255 范围
d	calculate hash for a block	计算块的哈希
d	calculate hash for given string	计算给定字符串的哈希
d	calculate sha1 of 32 bytes starting at 0x1000	计算从 0x1000 开始的 32 字节的 sha1
d	calculate the Cycles (afC) or Cyclomatic Complexity (afCc)	计算循环数（afC）或圈复杂度（afCc）
d	call	调用
d	call puts with a string argument	以字符串参数调用 puts
d	capture current register values in r2 alias file	将当前寄存器值捕获到 r2 别名文件
d	case insensitive grep (grep -i)	大小写不敏感过滤（grep -i）
d	cases count for this block	此块的分支数量
d	cat: Show the contents of the given file	cat：显示给定文件的内容
d	cd to dir and push current directory to stack	cd 到目录并将当前目录压入栈
d	change color and background of prompt	更改提示的颜色和背景
d	change color of prompt	更改提示的颜色
d	change color of the current basic block (same as afbc, abc- to unset)	更改当前基本块的颜色（与 afbc 相同，abc- 取消设置）
d	change dbg.map permissions	更改 dbg.map 权限
d	change esil PC to this address	将 esil PC 更改为此地址
d	change immediate to structure offset	将立即数更改为结构体偏移
d	change map rwx permissions (see dmp for debug)	更改映射 rwx 权限（调试参见 dmp）
d	change opcode type (see aho?)	更改操作码类型（参见 aho?）
d	change opcode's val field (useful to set jmptbl sizes in jmp rax)	更改操作码的 val 字段（对设置 jmp rax 中的 jmptbl 大小有用）
d	change page at <address> with <size>, protection <perms> (perm)	更改 <address> 处的页，<size>，保护 <perms>（perm）
d	change permissions	更改权限
d	change program counter for esil	更改 esil 的程序计数器
d	change terminal title	更改终端标题
d	change the opcode type in current address to be considered a NOP	将当前地址处的操作码类型更改为被视为 NOP
d	change type for given function	更改给定函数的类型
d	char (signed byte)	char（有符号字节）
d	chdir	切换目录
d	check af? for more options and information.	查看 af? 获取更多选项和信息。
d	check flags in current address (no delta)	检查当前地址处的标志（无增量）
d	check if current offset contains a function prelude	检查当前偏移是否包含函数前导
d	check if flag exists or not, See ?? and ?!	检查标志是否存在，参见 ?? 和 ?!
d	checks if result in stack is not a number	检查栈中的结果是否不是数字
d	classify imports	对导入进行分类
d	classify imports (see iic?)	对导入进行分类（参见 iic?）
d	clean all function analysis data (or function at addr)	清理所有函数分析数据（或 addr 处的函数）
d	clean all refs/refs	清理所有引用/引用
d	clean all refs/refs from addr	清理从 addr 的所有引用/引用
d	clear and save empty history log	清空并保存空的历史日志
d	clear handling for a signal	清除信号的处理
d	clear hardware breakpoint	清除硬件断点
d	clear history in current session	清空当前会话的历史
d	clear line cache	清除行缓存
d	clear screen, (clear0 to goto 0, 0 only)	清除屏幕，（clear0 转到 0，仅 0）
d	clear the custom graph	清除自定义图
d	clear the esil.stats sdb instance	清除 esil.stats sdb 实例
d	clears the esil stack	清除 esil 栈
d	close all files except the current one	关闭除当前文件外的所有文件
d	close all files, analysis, binfiles, flags, same as !r2 --	关闭所有文件、分析、binfile、标志，与 !r2 -- 相同
d	close all opened files	关闭所有已打开的文件
d	close current fd	关闭当前 fd
d	close current project	关闭当前项目
d	close debug session	关闭调试会话
d	close fd	关闭 fd
d	close fd=3	关闭 fd=3
d	close file descriptor 1	关闭文件描述符 1
d	close last fd	关闭最后一个 fd
d	close opened files	关闭已打开的文件
d	close terminal fd (alias for `dd- 0`)	关闭终端 fd（`dd- 0` 的别名）
d	cmp/test	比较/测试
d	code metadata (comments, format, hints, ..)	代码元数据（注释、格式、提示等）
d	code syntax highlight	代码语法高亮
d	codemeta json with offset annotations (for frontends like iaito)	带偏移注释的 codemeta json（用于 iaito 等前端）
d	colorize basic block (same as 'abc', afbc- to unset)	为基本块着色（与 'abc' 相同，afbc- 取消设置）
d	comma or colon separated k[=v]	逗号或冒号分隔的 k[=v]
d	comma separated 0xhexadecimal bytes	逗号分隔的 0x 十六进制字节
d	comma separated list of k=v rarun2 profile options (e dbg.profile)	逗号分隔的 k=v rarun2 配置文件选项列表（e dbg.profile）
d	comment - do nothing	注释 - 不做任何事
d	comments	注释
d	commit and invalidate pcache for specified fd or current fd	为指定 fd 或当前 fd 提交并使 pcache 无效
d	commit change from cache to io	将缓存中的更改提交到 io
d	commit write cache	提交写缓存
d	commit write cache into given file	将写缓存提交到给定文件
d	compare 1,2,4,8-byte (silent return in $?)	比较 1、2、4、8 字节（静默返回于 $?）
d	compare 1,2,4,8-byte address contents (silent, return in $?)	比较 1、2、4、8 字节地址内容（静默，返回于 $?）
d	compare a plain with escaped chars string	比较带转义字符的普通字符串
d	compare all current space with other_space	比较所有当前空间与 other_space
d	compare bigger for or equal	比较大于或等于
d	compare block with given data	将块与给定数据比较
d	compare byte at addr with current offset	比较 addr 处的字节与当前偏移
d	compare bytes from current seek and +1	比较当前 seek 和 +1 的字节
d	compare contents of file at current seek	在当前 seek 处比较文件内容
d	compare contents of given files	比较给定文件的内容
d	compare current space with zigns with same name on other_space	将当前空间与 other_space 上同名 zign 比较
d	compare current zignspace zignatures with another one	将当前 zignspace 的 zignature 与另一个比较
d	compare disasm current seek and +1	比较当前 seek 和 +1 的反汇编
d	compare doubleword at offset with given value	比较偏移处的双字与给定值
d	compare dwords from current seek and +1	比较当前 seek 和 +1 的双字
d	compare exports	比较导出
d	compare for bigger	比较是否更大
d	compare for smaller	比较是否更小
d	compare for smaller or equal	比较是否更小或等于
d	compare functions (curseek vs fcn)	比较函数（curseek 与 fcn）
d	compare graphdiff current file and find similar functions	比较 graphdiff 当前文件并查找相似函数
d	compare hexpair string (output r2 commands)	比较十六进制对字符串（输出 r2 命令）
d	compare hexpair string (use '.' as nibble wildcard)	比较十六进制对字符串（使用 '.' 作为半字节通配符）
d	compare hexpairs from current seek and +1	比较当前 seek 和 +1 的十六进制对
d	compare imports	比较导入
d	compare libraries	比较库
d	compare memory hexdumps of $$ and dst in unified diff	以统一差异比较 $$ 和 dst 的内存十六进制转储
d	compare memory watchers	比较内存观察器
d	compare quadword at offset with given value	比较偏移处的四字与给定值
d	compare qwords from current seek and +1	比较当前 seek 和 +1 的四字
d	compare symbols with current `ob 1` with given obid (0)	将当前 `ob 1` 的符号与给定 obid（0）比较
d	compare two bin-objects (symbols, imports, ...)	比较两个 bin 对象（符号、导入等）
d	compare two files	比较两个文件
d	compare two files (or $alias files)	比较两个文件（或 $alias 文件）
d	compare word at offset with given value	比较偏移处的字与给定值
d	compare words (half, 16bit) from current seek and +1	比较当前 seek 和 +1 的字（半字，16 位）
d	compares decompiler output (e cmd.pdc=pdg|pdd)	比较反编译器输出（e cmd.pdc=pdg|pdd）
d	compares function disasm with the other function	比较函数反汇编与另一个函数
d	compares in two disasm columns of block size	比较两列反汇编，块大小
d	compares in two hexdump columns of block size	比较两列十六进制转储，块大小
d	compile and write	编译并写入
d	compile egg expression and execute it	编译 egg 表达式并执行它
d	compile esil file into an esil expression	将 esil 文件编译为 esil 表达式
d	compile r_egg source file	编译 r_egg 源文件
d	compile syscall name(args)	编译系统调用 name(args)
d	compile the shellcode	编译 shellcode
d	compute expression like ? or ?v but in quiet mode	以静默模式计算类似 ? 或 ?v 的表达式
d	compute md5 hash of current block	计算当前块的 md5 哈希
d	conditional flag registers	条件标志寄存器
d	conditional jump	条件跳转
d	connect to remote host:port (*rap://, raps://, tcp://, udp://, http://)	连接到远程 host:port（*rap://、raps://、tcp://、udp://、http://）
d	connect to: r2 -c'=h 9090' bin	连接到: r2 -c'=h 9090' bin
d	connect to: r2 -c.:9090 ./bin	连接到: r2 -c.:9090 ./bin
d	connect to: r2 rap://:9090	连接到: r2 rap://:9090
d	construct a graph hirearchy with the flag names	使用标志名构造图层次
d	construct the string with chunks	使用块构造字符串
d	context disassembly of N instructions	N 条指令的上下文反汇编
d	context hexdump (the hexdump version of pd--3)	上下文十六进制转储（pd--3 的十六进制转储版本）
d	continue and interrupt the child after 100ms (or the given ms)	100ms（或给定 ms）后继续并中断子进程
d	continue back until breakpoint	继续后退直到断点
d	continue execution	继续执行
d	continue execution (pass exception to program)	继续执行（将异常传递给程序）
d	continue execution of all children	继续执行所有子进程
d	continue execution of pid	继续执行 pid
d	continue execution until matching expression	继续执行直到匹配表达式
d	continue sending signal to process	继续向进程发送信号
d	continue until ^C	继续直到 ^C
d	continue until ^c	继续直到 ^c
d	continue until address	继续直到地址
d	continue until address (or range)	继续直到地址（或范围）
d	continue until call	继续直到 call
d	continue until call (use step into)	继续直到 call（使用步入）
d	continue until call (use step over)	继续直到 call（使用步过）
d	continue until condition matches	继续直到条件匹配
d	continue until esil expression	继续直到 esil 表达式
d	continue until exception	继续直到异常
d	continue until fork (TODO)	继续直到 fork（TODO）
d	continue until next call to the 'str' syscall	继续直到下一次调用 'str' 系统调用
d	continue until next syscall	继续直到下一个系统调用
d	continue until program code (mapped io section)	继续直到程序代码（映射的 io 段）
d	continue until ret (uses step over)	继续直到 ret（使用步过）
d	continue until syscall	继续直到系统调用
d	continue until the range	继续直到范围
d	continue until unknown call (call reg)	继续直到未知调用（call reg）
d	convert a printf-style format string to a pf format string (honors asm.bits)	将 printf 风格格式字符串转换为 pf 格式字符串（遵循 asm.bits）
d	convert esil expressions of N instructions to C (pdO for bytes)	将 N 条指令的 esil 表达式转换为 C（字节用 pdO）
d	convert hexpair into raw string with newline	将十六进制对转换为带换行的原始字符串
d	convert text into seven segment style ascii art	将文本转换为七段数码管风格 ASCII 艺术
d	copy 'n' bytes from 'off' to $$ (memcpy) (see y?)	从 'off' 复制 'n' 字节到 $$（memcpy）（参见 y?）
d	copy 16 bytes into clipboard	复制 16 字节到剪贴板
d	copy 16 bytes into clipboard from 0x200	从 0x200 复制 16 字节到剪贴板
d	copy 64 bytes from current seek to 0x200	从当前 seek 复制 64 字节到 0x200
d	copy [L] bytes from offset [O] of [file] into clipboard	从 [file] 的偏移 [O] 复制 [L] 字节到剪贴板
d	copy all bytes from file into clipboard	将文件的所有字节复制到剪贴板
d	copy data/code references pointing to addr to also point to curseek (or at)	将指向 addr 的数据/代码引用复制为也指向 curseek（或 at）
d	copy nul-terminated string (up to blocksize) into clipboard	将 nul 终止字符串（最多块大小）复制到剪贴板
d	copy oldfd to newfd with dup2	使用 dup2 将 oldfd 复制到 newfd
d	copy the instruction details from given address to the current one	将给定地址的指令详情复制到当前地址
d	count how many xrefs are registered	统计注册了多少交叉引用
d	count number chars	统计字符数
d	count number of lines (like wc -l)	统计行数（类似 wc -l）
d	count number of matching lines	统计匹配行数
d	count of flags in block (same as pzm)	块中标志的数量（与 pzm 相同）
d	count of functions	函数数量
d	count the strings dumped from the whole binary	统计从整个二进制转储的字符串数
d	count the strings in data sections	统计数据段中的字符串数
d	count the strings in the whole binary	统计整个二进制中的字符串数
d	cpu registers	cpu 寄存器
d	create a branchable checkpoint from current state	从当前状态创建可分支的检查点
d	create a map covering all VA for given fd	为给定 fd 创建覆盖所有 VA 的映射
d	create a new bank with given name	使用给定名称创建新 bank
d	create a thread with given TLS mapid and prints the new thread id	使用给定 TLS mapid 创建线程并打印新线程 id
d	create and open file in read-write mode (see ot and omr)	以读写模式创建并打开文件（参见 ot 和 omr）
d	create and query or filter a table with data from file	以文件数据创建并查询或过滤表
d	create command - rlangpipe script	创建命令 - rlangpipe 脚本
d	create data flow graph for N instructions	为 N 条指令创建数据流图
d	create default map for given fd (omm `oq`)	为给定 fd 创建默认映射（omm `oq`）
d	create directory inside mounted filesystem	在挂载的文件系统中创建目录
d	create flag name.#num# enumerated flag. (f.ex: fe foo @@= 1 2 3 4)	创建标志 name.#num# 枚举标志。（例如：fe foo @@= 1 2 3 4）
d	create mem.* flags for memory accesses	为内存访问创建 mem.* 标志
d	create new io map	创建新的 io 映射
d	create new process (fork)	创建新进程（fork）
d	create new thread (clone)	创建新线程（clone）
d	create new visual gadget or print it (see pg?)	创建新的可视化小工具或打印它（参见 pg?）
d	create object referencing to register values	创建引用寄存器值的对象
d	create or update timestamp in file	在文件中创建或更新时间戳
d	create pipe and write fds to (int[2])addr	创建管道并将文件描述符写入 (int[2])addr
d	create zignature for function	为函数创建 zignature
d	create, list, remove IO maps	创建、列出、删除 IO 映射
d	create/rename functions, go flags, and comments	创建/重命名函数、go 标志和注释
d	cross references graph	交叉引用图
d	cryp           rc  Rivest Cipher (implements: rc2,rc4,rc6)	cryp           rc  Rivest 密码（实现：rc2、rc4、rc6）
d	cryp          rot  Rotate algorithms (rot13, rol, ror) (implements: rot,rol,ror)	cryp          rot  旋转算法（rot13、rol、ror）（实现：rot、rol、ror）
d	cryp          xor  Byte level Exclusive Or	cryp          xor  字节级异或
d	cryp         cps2  Capcom Play System 2	cryp         cps2  Capcom 游戏系统 2
d	cryp       base64  Binary to text encoding scheme using 64 ascii characters	cryp       base64  使用 64 个 ascii 字符的二进制到文本编码方案
d	cryp      aes-cbc  Rijndael block cipher with Cipher Block Chaining mode	cryp      aes-cbc  带密码块链接模式的 Rijndael 分组密码
d	cryp      aes-ecb  Rijndael block cipher with Electronic Code Book mode	cryp      aes-ecb  带电子密码本模式的 Rijndael 分组密码
d	cryp      des-ecb  DES with with Electronic Code Book mode	cryp      des-ecb  带电子密码本模式的 DES
d	cryp      sm4-ecb  ShāngMì4 block cipher with Electronic Code Book mode	cryp      sm4-ecb  带电子密码本模式的 SM4 分组密码
d	cryp     aes-wrap  Rijndael block cipher with Key Wrap Algorithm (RFC 3394)	cryp     aes-wrap  带密钥包装算法的 Rijndael 分组密码（RFC 3394）
d	cryp     blowfish  Bruce Schneier's symetric-key block cipher	cryp     blowfish  Bruce Schneier 的对称密钥分组密码
d	cryp  serpent-ecb  Serpent block cipher with Electronic Code Book mode	cryp  serpent-ecb  带电子密码本模式的 Serpent 分组密码
d	current debug map base address ?v $D @ rsp	当前调试映射基地址 ?v $D @ rsp
d	current debug map dsitance	当前调试映射距离
d	current debug map size	当前调试映射大小
d	current instruction may be considered as the end of a function	当前指令可被视为函数的结尾
d	current non-temporary virtual seek	当前非临时虚拟定位
d	current section	当前段
d	current symbol	当前符号
d	cursor + current non-temporary virtual seek	光标 + 当前非临时虚拟定位
d	cursor position relative to current offset (previously $O)	光标位置相对于当前偏移量（以前是 $O）
d	custom graph	自定义图
d	cyclomatic complexity	圈复杂度
d	cyclomatic complexity ( cc = edges - blocks + 2 * exit_blocks)	圈复杂度（cc = 边 - 块 + 2 * 出口块）
d	cyclomatic cost	圈复杂度代价
d	data flow graph for current basic block (aeg `pieq $Fi`)	当前基本块的数据流图（aeg `pieq $Fi`）
d	data references graph	数据引用图
d	data structure `pf ? (struct_name)example_name`	数据结构 `pf ? (struct_name)example_name`
d	deallocate memory map of <address>	释放 <address> 的内存映射
d	debug mode enabled? (1,0)	是否启用调试模式（1,0）
d	debug with ESIL (see de?)	使用 ESIL 调试（参见 de?）
d	debugger commands	调试器命令
d	decode 'int 0x80' and analize its bits	解码 'int 0x80' 并分析其位
d	decode ASN1 OID	解码 ASN1 OID
d	decode ASN1/DER from current block (PEM is B64(DER))	从当前块解码 ASN1/DER（PEM 是 B64(DER)）
d	decode Android Binary XML from current block	从当前块解码 Android Binary XML
d	decode JWT from current block	从当前块解码 JWT
d	decode PKCS7	解码 PKCS7
d	decode current block as base64	将当前块解码为 base64
d	decode given base64 string	解码给定的 base64 字符串
d	decode given base64 text and throw it thru rcons	解码给定的 base64 文本并通过 rcons 输出
d	decode iOS Binary PLIST from current block	从当前块解码 iOS Binary PLIST
d	decode null-terminated JWT from current block	从当前块解码以 null 结尾的 JWT
d	decode null-terminated base64 string in block	解码块中以 null 结尾的 base64 字符串
d	decode raw proto buffers in (verbose, JSON) format	以（verbose、JSON）格式解码原始 proto buffers
d	decode the given hexpairs and execute them	解码给定的十六进制对并执行它们
d	decode the output of the command as base64	将命令输出按 base64 解码
d	decompile current function from dwarf line info (usable via cmd.pdc)	从 dwarf 行信息反编译当前函数（可通过 cmd.pdc 使用）
d	decompress current block using LZ4 (adjust blocksize)	使用 LZ4 解压当前块（调整块大小）
d	decrease blocksize by 16	将块大小减少 16
d	decrement, 2,a,-- == 1	递减，2,a,-- == 1
d	decrypt current block with 'algo' and 'key'	使用 'algo' 和 'key' 解密当前块
d	default directories are <file>.resources, <file>.sections and <file>.segments	默认目录为 <file>.resources、<file>.sections 和 <file>.segments
d	defaults to /data/data/com.termux/files/usr/share/radare2/6.2.0/magic	默认为 /data/data/com.termux/files/usr/share/radare2/6.2.0/magic
d	define a new named format	定义新的命名格式
d	define all strings found in given range or section	定义给定范围或段中找到的所有字符串
d	define argument get reference	定义参数 get 引用
d	define argument set reference	定义参数 set 引用
d	define asm.bits for the given function	为给定函数定义 asm.bits
d	define base pointer based arguments, locals	定义基指针参数、局部变量
d	define foreground and background for current panel	为当前面板定义前景色和背景色
d	define function cc	定义函数调用约定
d	define header column names and types	定义表头列名和类型
d	define numeric base for immediates (2, 8, 10, 10u, 16, i, p, S, s)	定义立即数的数字基数（2、8、10、10u、16、i、p、S、s）
d	define padding for command	为命令定义填充
d	define register arguments	定义寄存器参数
d	define signature for pascal cc (see also arcc)	为 pascal 调用约定定义签名（另见 arcc）
d	define stack based arguments,locals	定义基于栈的参数、局部变量
d	define the obj format as xxdz	将 obj 格式定义为 xxdz
d	define the shellcode type	定义 shellcode 类型
d	define var get reference	定义变量 get 引用
d	define var set reference	定义变量 set 引用
d	define zero terminated strings (with size as maxlen)	定义零终止字符串（以 size 作为 maxlen）
d	delete a map from the bank	从 bank 删除映射
d	delete a non-current leaf checkpoint by id	按 id 删除非当前叶检查点
d	delete a thread by id	按 id 删除线程
d	delete all backtraces from given bt	从给定 bt 删除所有回溯
d	delete all banks	删除所有 bank
d	delete all binfiles	删除所有 binfile
d	delete all comments in current basic block	删除当前基本块中的所有注释
d	delete all comments in current function	删除当前函数中的所有注释
d	delete all done tasks	删除所有已完成任务
d	delete all esil watchpoints	删除所有 esil 观察点
d	delete all flags and flagspaces (deinit)	删除所有标志和标志空间（反初始化）
d	delete all global imports	删除所有全局导入
d	delete all links.	删除所有链接。
d	delete all logs	删除所有日志
d	delete all the hints in the given address	删除给定地址中的所有提示
d	delete all visual marks	删除所有可视化标记
d	delete all zignatures	删除所有 zignature
d	delete all zignspaces	删除所有 zignspace
d	delete base by id (from acb [class name])	按 id 删除基类（来自 acb [类名]）
d	delete basic block at given address	删除给定地址处的基本块
d	delete binfile by binobjid	按 binobjid 删除 binfile
d	delete class	删除类
d	delete enum type(s) (supports glob with *)	删除枚举类型（支持 * 通配）
d	delete field	删除字段
d	delete function type (supports glob with *)	删除函数类型（支持 * 通配）
d	delete global	删除全局变量
d	delete hints in current offset	删除当前偏移处的提示
d	delete inheritance relation	删除继承关系
d	delete lines matching /str/ in notes	删除笔记中匹配 /str/ 的行
d	delete link at given address.	删除给定地址处的链接。
d	delete local function label named 'blah'	删除名为 'blah' 的局部函数标签
d	delete local label from function at current seek (also f.-)	从当前 seek 处的函数删除局部标签（也可用 f.-）
d	delete logs before 123	删除 123 之前的日志
d	delete memory snapshot	删除内存快照
d	delete metadata at given address range	删除给定地址范围内的元数据
d	delete method	删除方法
d	delete notes	删除笔记
d	delete project	删除项目
d	delete string at address (uses current seek if addr not specified, len/type for matching)	删除地址处的字符串（如果未指定 addr 则使用当前 seek，len/type 用于匹配）
d	delete struct type(s) (supports glob with *)	删除结构体类型（支持 * 通配）
d	delete task #1 or schedule for deletion when it is finished	删除任务 #1 或在完成时安排删除
d	delete the argument/local with that name or frame offset (--N for negative)	删除具有该名称或帧偏移的参数/局部变量（--N 表示负值）
d	delete the bank with given id	删除具有给定 id 的 bank
d	delete the last binfile	删除最后一个 binfile
d	delete the register argument with that name or index	删除具有该名称或索引的寄存器参数
d	delete the stack argument/local with that name or frame offset (--N for negative)	删除具有该名称或帧偏移的栈参数/局部变量（--N 表示负值）
d	delete the user rc file (Use ed-! to delete without prompting)	删除用户 rc 文件（使用 ed-! 删除而不提示）
d	delete type(s) by name (supports glob with *)	按名称删除类型（支持 * 通配）
d	delete union type(s) (supports glob with *)	删除联合类型（支持 * 通配）
d	delete vtable by id (from acv [class name])	按 id 删除 vtable（来自 acv [类名]）
d	delete zignature	删除 zignature
d	delete zignspace	删除 zignspace
d	demangle a class name from RTTI	从 RTTI 解混淆类名
d	demangle or not	是否反修饰
d	demangle symbolname for given language	为给定语言解混淆符号名
d	derive calling convention from the register profile	从寄存器配置文件推导调用约定
d	describe current flag in json	以 json 描述当前标志
d	describe flag + delta for given offset	描述给定偏移处的标志 + 增量
d	describe flag without space restrictions	描述无空格限制的标志
d	detach select pid	分离选定的 pid
d	diff Nth commit	差异第 N 次提交
d	diff current function and signature	差异当前函数和签名
d	diff graph	差异图
d	diff overlay map data (usually relocs)	差异覆盖映射数据（通常是重定位）
d	diff ratio among functions (columns: off-A, match-ratio, off-B)	函数间的差异比率（列：off-A、match-ratio、off-B）
d	digits (only numbers)	数字（仅限数字）
d	disable Breakpoint Trace	禁用断点跟踪
d	disable breakpoint Trace by index	按索引禁用断点跟踪
d	disable breakpoint by index	按索引禁用断点
d	disable or enable a breakpoint by address	按地址禁用或启用断点
d	disable remote cmd mode	禁用远程命令模式
d	disable remotecmd mode	禁用远程命令模式
d	disable scr.html and scr.color	禁用 scr.html 和 scr.color
d	disable the effect of arch hints for all addrs >= 0x84 or until the next hint	对所有地址 >= 0x84 或直到下一个提示禁用架构提示的效果
d	disasm and grep for mov	反汇编并过滤 mov
d	disassemble N bytes	反汇编 N 字节
d	disassemble N instructions	反汇编 N 条指令
d	disassemble N instructions backwards	向后反汇编 N 条指令
d	disassemble N instructions following execution flow from current PC	从当前 PC 跟随执行流反汇编 N 条指令
d	disassemble N instructions following execution flow from current PC (like pdi)	从当前 PC 跟随执行流反汇编 N 条指令（类似 pdi）
d	disassemble N instructions following execution flow from current PC (like pi)	从当前 PC 跟随执行流反汇编 N 条指令（类似 pi）
d	disassemble N instructions following execution flow from current PC in JSON	从当前 PC 跟随执行流以 JSON 反汇编 N 条指令
d	disassemble N instructions in a table (see dtd for debug traces)	在表格中反汇编 N 条指令（调试跟踪参见 dtd）
d	disassemble N opcodes (pd) or N bytes (pD)	反汇编 N 个操作码（pd）或 N 字节（pD）
d	disassemble all methods of a class	反汇编类的所有方法
d	disassemble all possible opcodes (byte per byte)	反汇编所有可能的操作码（逐字节）
d	disassemble all possible opcodes (byte per byte) in JSON	以 JSON 反汇编所有可能的操作码（逐字节）
d	disassemble basic block (j for JSON)	反汇编基本块（j 为 JSON）
d	disassemble by following pointers to read ropchains	通过跟随指针反汇编以读取 ropchain
d	disassemble function	反汇编函数
d	disassemble function in a linear way (see pdfr)	以线性方式反汇编函数（参见 pdfr）
d	disassemble function in json (see pdfJ)	以 json 反汇编函数（参见 pdfJ）
d	disassemble function recursively (alias for pdr)	递归反汇编函数（pdr 的别名）
d	disassemble function summary (see also pdsf)	反汇编函数摘要（另见 pdsf）
d	disassemble instructions until condition	反汇编指令直到条件
d	disassemble one opcode	反汇编一个操作码
d	disassemble to json	反汇编为 json
d	disassemble until address	反汇编直到地址
d	disassemble until call	反汇编直到 call
d	disassemble until end of basic block	反汇编直到基本块结尾
d	disassemble until instruction (e.g.: add esp, 0x20)	反汇编直到指令（例如：add esp, 0x20）
d	disassemble until opcode (e.g.: mul)	反汇编直到操作码（例如：mul）
d	disassemble until ret	反汇编直到 ret
d	disassemble until syscall	反汇编直到 syscall
d	disassemble up to instruction of given <optype> (See /atl)	反汇编直到给定 <optype> 的指令（参见 /atl）
d	disasssemble given number as a little and big endian dword	将给定数值按小端与大端双字反汇编
d	display N lines (rows) of hexdump	显示 N 行（行）十六进制转储
d	display ascii-art bars for basic block regions	显示基本块区域的 ascii-art 条
d	display ascii-art bars with function ranges	显示函数范围的 ascii-art 条
d	display ascii-art representation of the stack backtrace	显示栈回溯的 ascii-art 表示
d	display backtrace based on dbg.btdepth and dbg.btalgo	基于 dbg.btdepth 和 dbg.btalgo 显示回溯
d	display backtrace in JSON	以 JSON 显示回溯
d	display backtrace in flags	以标志显示回溯
d	display backtrace in one line (see dbt=s and dbt=b for sp or bp)	在一行中显示回溯（sp 或 bp 参见 dbt=s 和 dbt=b）
d	display backtrace with local vars if any	显示带回溯的局部变量（如果有）
d	display basic block information in JSON	以 JSON 显示基本块信息
d	display block size information in JSON	以 JSON 显示块大小信息
d	display commands to generate graphs according to the xrefs	根据交叉引用显示生成图的命令
d	display current block size	显示当前块大小
d	display current block size in r2 command	以 r2 命令显示当前块大小
d	display current register profile	显示当前寄存器配置文件
d	display current theme name	显示当前主题名称
d	display current working directory	显示当前工作目录
d	display esil form for N opcodes	显示 N 个操作码的 esil 形式
d	display file size	显示文件大小
d	display file size in decimal	以十进制显示文件大小
d	display file size in hexadecimal	以十六进制显示文件大小
d	display file version info	显示文件版本信息
d	display first line of function annotation if any	显示函数注释的第一行（如果有）
d	display flagspaces	显示标志空间
d	display flagspaces as r2 commands	以 r2 命令显示标志空间
d	display flagspaces in JSON	以 JSON 显示标志空间
d	display flagspaces stack	显示标志空间栈
d	display flagspaces stack in JSON	以 JSON 显示标志空间栈
d	display flagspaces stack in r2 commands	以 r2 命令显示标志空间栈
d	display forked pid (see dbg.forks)	显示 fork 的 pid（参见 dbg.forks）
d	display function in current offset (see afi.)	显示当前偏移处的函数（参见 afi.）
d	display hexdump of gpr arena (WIP)	显示 gpr arena 的十六进制转储（WIP）
d	display hexdump of the given arena	显示给定 arena 的十六进制转储
d	display instruction traces	显示指令跟踪
d	display log messages without index	显示不带索引的日志消息
d	display memory references from esil emulation of N opcode	显示 N 个操作码的 esil 模拟中的内存引用
d	display metaspaces	显示元空间
d	display numeric user id	显示数字用户 id
d	display only the esil expression of N opcodes	仅显示 N 个操作码的 esil 表达式
d	display opcode analysis information in JSON for N opcodes	以 JSON 显示 N 个操作码的操作码分析信息
d	display opcode analysis of 5 opcodes	显示 5 个操作码的操作码分析
d	display opcode in r commands	以 r 命令显示操作码
d	display or change the block size	显示或更改块大小
d	display or change type for given local variable/argument	显示或更改给定局部变量/参数的类型
d	display paths in JSON	以 JSON 显示路径
d	display r2 commands to write this block	显示写入此块的 r2 命令
d	display register profile comments	显示寄存器配置文件注释
d	display size of N opcodes	显示 N 个操作码的大小
d	display size of struct	显示结构体大小
d	display source files used via dwarf (previously known as iX)	显示通过 dwarf 使用的源文件（以前称为 iX）
d	display sum all function sizes	显示所有函数大小之和
d	display table	显示表
d	display the file size in JSON format	以 JSON 格式显示文件大小
d	display zignspaces	显示 zignspace
d	distance between current offset and section start	当前偏移量与节起始之间的距离
d	distance in bytes to reach the next flag (see sn/sp)	到达下一个标志的距离（以字节为单位）（参见 sn/sp）
d	division	除法
d	do nothing	什么都不做
d	double to signed	double 转有符号
d	double to unsigned	double 转无符号
d	double value (8 bytes)	double 值（8 字节）
d	down : redo action	向下：重做操作
d	download associated debuglink file	下载关联的 debuglink 文件
d	download file from http server and save it to disk (wget)	从 http 服务器下载文件并保存到磁盘（wget）
d	download pdb file on remote server	在远程服务器上下载 pdb 文件
d	draw a 3D ascii donut at the given animation frame	在给定动画帧绘制 3D ascii 甜甜圈
d	draw graphs in various formats	以各种格式绘制图
d	draw treemap graph in ascii artwith given values	用给定值以 ascii 艺术绘制树状图
d	drops last element in the esil stack	丢弃 esil 栈中的最后一个元素
d	dump all annotations in ano= commands	以 ano= 命令转储所有注释
d	dump as r2 commands	转储为 r2 命令
d	dump bits in bitmap form	以位图形式转储位
d	dump bits in hexdump form	以十六进制转储形式转储位
d	dump config vars in r commands	以 r 命令转储配置变量
d	dump current (all or writable) debug map region to a file (from-to.dmp) (see Sd)	将当前（全部或可写）调试映射区域转储到文件（from-to.dmp）（参见 Sd）
d	dump into r2 commands, for projects	转储为 r2 命令，用于项目
d	dump namespace to disk	将命名空间转储到磁盘
d	dump strings from whole binary to r2 shell (for huge files)	将整个二进制文件的字符串转储到 r2 shell（用于大文件）
d	dump syscall info in .asm or .h	以 .asm 或 .h 转储系统调用信息
d	dump the clipboard to given file	将剪贴板转储到给定文件
d	dump the esil.stats database contents	转储 esil.stats 数据库内容
d	dump the structuring region AST (decompiler debug)	转储结构化区域 AST（反编译器调试）
d	dump visual marks as r2 commands	将可视化标记转储为 r2 命令
d	dump/restore visual marks (mK/'K)	转储/恢复可视化标记（mK/'K）
d	duplicate last value in stack	复制栈中的最后一个值
d	dword (4 bytes in hex) (see 'i' and 'x')	双字（十六进制 4 字节）（参见 'i' 和 'x'）
d	dyncc syntax help; resolve and inspect the current function's dyncc	dyncc 语法帮助；解析并检查当前函数的 dyncc
d	e pdb.server	调试服务器地址与端口
d	echo message with newline	echo 带换行输出消息
d	echo message without ending newline	echo 不带结尾换行的消息
d	echo messages, bars, pie charts and more (see ?e? for details)	回显消息、条形图、饼图等（详见 ?e?）
d	echo text with thin ascii art frame around	带细 ascii 艺术边框的文本
d	edit $dis in cfg.editor; use single \ escapes	在 cfg.editor 中编辑 $dis；使用单 \\ 转义
d	edit and reload current theme	编辑并重新加载当前主题
d	edit annotation using cfg.editor	使用 cfg.editor 编辑注释
d	edit comment using cfg.editor (vim, ..)	使用 cfg.editor 编辑注释（vim 等）
d	edit comment with $EDITOR	使用 $EDITOR 编辑注释
d	edit current function signature with cfg.editor	使用 cfg.editor 编辑当前函数签名
d	edit current loaded project notes using cfg.editor	使用 cfg.editor 编辑当前已加载项目的笔记
d	edit enum with cfg.editor	使用 cfg.editor 编辑枚举
d	edit function signature with cfg.editor	使用 cfg.editor 编辑函数签名
d	edit notes with cfg.editor	使用 cfg.editor 编辑笔记
d	edit rarun2 startup profile with $EDITOR	使用 $EDITOR 编辑 rarun2 启动配置文件
d	edit struct with cfg.editor	使用 cfg.editor 编辑结构体
d	edit typedef with cfg.editor	使用 cfg.editor 编辑 typedef
d	edit union with cfg.editor	使用 cfg.editor 编辑联合体
d	else block	else 块
d	emit CC comments mapping each address to its source line	生成 CC 注释，将每个地址映射到其源代码行
d	emit a CCu comment command for the call	为调用生成 CCu 注释命令
d	emit decompiled lines as CCu comment commands	将反编译行以 CCu 注释命令形式输出
d	emit resource flags as radare commands	将资源标志生成为 radare 命令
d	emoji hexdump! :)	emoji 十六进制转储！:)
d	empty / reset clipboard	清空/重置剪贴板
d	emulate all code linearly and register only the computed xrefs	线性模拟所有代码并仅注册计算出的交叉引用
d	emulate all functions using esil to find out computed references (same as aef@@@F)	使用 esil 模拟所有函数以找出计算出的引用（与 aef@@@F 相同）
d	emulate block in current or given address	在当前或给定地址模拟块
d	emulate from function start to the given address	从函数开始模拟到给定地址
d	emulate function	模拟函数
d	emulate function to find out args in given or current offset	模拟函数以在给定或当前偏移处找出参数
d	enable Breakpoint Trace	启用断点跟踪
d	enable breakpoint Trace by index	按索引启用断点跟踪
d	enable breakpoint by index	按索引启用断点
d	enable remote cmd mode	启用远程命令模式
d	enable remotecmd mode	启用远程命令模式
d	enable scr.html, respect scr.color	启用 scr.html，遵循 scr.color
d	encode base64 zero-terminated string	编码以 null 结尾的 base64 字符串
d	encode current block in base64	将当前块编码为 base64
d	encode given string to base64	将给定字符串编码为 base64
d	encode/decode in base64	以 base64 编码/解码
d	encrypt current block with 'algo' and 'key'	使用 'algo' 和 'key' 加密当前块
d	end address	结束地址
d	end multiline comment	结束多行注释
d	end multiline comment. (use '/*' to start mulitiline comment	结束多行注释（用 '/*' 开始多行注释）
d	end of basic block	基本块结束
d	end of conditional block	条件块结束
d	end of function	函数结束
d	enter interactive prompt for given language plugin	进入给定语言插件的交互式提示符
d	enter into the text log chat console	进入文本日志聊天控制台
d	enter the interactive repl with autocompletion and colors	进入带自动补全和颜色的交互式 repl
d	enter the sdb query shell	进入 sdb 查询 shell
d	enters a posix shell subset repl (requires scr.interactive)	进入 posix shell 子集 repl（需要 scr.interactive）
d	entropy	熵
d	entropy for each filesize/blocksize	每个文件大小/块大小的熵
d	entrypoints symbols (see 'ies')	入口点符号（参见 'ies'）
d	enum type	枚举类型
d	enumerate all the meta of all the functions	枚举所有函数的所有元数据
d	enumerate registers in table format	以表格格式枚举寄存器
d	enumerate unique opcode families in function	枚举函数中唯一的操作码族
d	enumerate unique opcode types in function	枚举函数中唯一的操作码类型
d	enumerate unique opcodes in function	枚举函数中唯一的操作码
d	escape ;, && and || to handle them in the system shell	转义 ;、&& 和 ||，以便在系统 shell 中处理它们
d	esil data flow graph	esil 数据流图
d	esil data flow graph filter	esil 数据流图过滤器
d	esil interrupt	esil 中断
d	esil trace listing and session management (requires aeim)	esil 跟踪列表和会话管理（需要 aeim）
d	esildebug until specific address	esildebug 直到特定地址
d	evaluate ESIL expression	求值 ESIL 表达式
d	evaluate N instr from offset X	从偏移 X 求值 N 条指令
d	evaluate an sdb query	评估 sdb 查询
d	evaluate last item in stack to number	将栈中最后一项求值为数字
d	evaluate opcode expression	求值操作码表达式
d	evaluate sdb query on esil.stats db	在 esil.stats 数据库上求值 sdb 查询
d	examples and documentation	示例和文档
d	examples:	示例:
d	exchange 20 bytes betweet current offset and 10	在当前偏移和 10 之间交换 20 字节
d	exchange the descs of fd and fdx and keep the mapping	交换 fd 和 fdx 的描述符并保持映射
d	exec cmd at remote 'fd' (last open is default one)	在远程 'fd' 执行命令（最后打开的为默认）
d	execute 'ls' in shell	在 shell 中执行 'ls'
d	execute a base64-encoded command without evaluating special chars	执行 base64 编码的命令而不求值特殊字符
d	execute a base64-encoded r2 script	执行 base64 编码的 r2 脚本
d	execute an esil syscall	执行 esil 系统调用
d	execute code in the child process	在子进程中执行代码
d	execute command	执行命令
d	execute opcodes	执行操作码
d	execute opcodes and restore state	执行操作码并恢复状态
d	execute opcodes and restore state, excluding the stack	执行操作码并恢复状态，排除栈
d	execute output of command as r2 script	将命令输出作为 r2 脚本执行
d	execute two x86 nops	执行两个 x86 nop
d	expand or truncate file to given size	将文件扩展或截断到给定大小
d	export project to prjname.zrp	将项目导出为 prjname.zrp
d	export project, same as Pz	导出项目，与 Pz 相同
d	exported symbols using the table query	使用表查询的导出符号
d	exports (global symbols)	导出（全局符号）
d	extend current file and insert bytes at 'addr'	扩展当前文件并在 'addr' 处插入字节
d	extend the underlying file inserting 'num' null bytes at current offset	扩展底层文件，在当前偏移处插入 'num' 个 null 字节
d	extend write operations (insert instead of replace)	扩展写操作（插入而非替换）
d	extract all resources (alias for iux)	提取所有资源（iux 的别名）
d	extract all resources (default: <file>.resources; alias for ixu)	提取所有资源（默认：<file>.resources；ixu 的别名）
d	extract all sections (alias for iSx)	提取所有段（iSx 的别名）
d	extract all sections (default: <file>.sections; alias for ixS)	提取所有段（默认：<file>.sections；ixS 的别名）
d	extract all segments (alias for iSSx)	提取所有片段（iSSx 的别名）
d	extract all segments (default: <file>.segments; alias for ixSS)	提取所有片段（默认：<file>.segments；ixSS 的别名）
d	extract resources, sections or segments	提取资源、段或片段
d	fail/fall out address from basic block	从基本块失败/落入的地址
d	feed stdin with given escaped string	以给定转义字符串输入 stdin
d	file hashes	文件哈希
d	file name	文件名
d	file signature	文件签名
d	file size	文件大小
d	filename defaults to "<cfg.prefixdump>.<offset>"	文件名默认为 "<cfg.prefixdump>.<offset>"
d	fill current block with cyclic hexpairs	用循环十六进制对填充当前块
d	filter all flags starting with str	过滤所有以 str 开头的标志
d	filter and print table. See ,? for more details	过滤并打印表. 详见 ,?
d	filter closest flag by string for current offset	按字符串为当前偏移过滤最近的标志
d	filter esil expression of opcode by given output	按给定输出过滤操作码的 esil 表达式
d	filter raw name to be a valid flag and output in r2 commands	过滤原始名称使其成为有效标志并以 r2 命令输出
d	filter recovered functions by substring	按子字符串过滤恢复的函数
d	filter rows to avoid duplicates	过滤行以避免重复
d	find absolute reference values (accept maps at address zero)	查找绝对引用值（接受地址零处的映射）
d	find absolute reference values (see aav0)	查找绝对引用值（参见 aav0）
d	find all graph paths A to B (/agg follow jumps, see search.count and anal.depth)	查找从 A 到 B 的所有图路径（/agg 跟随跳转，参见 search.count 和 anal.depth）
d	find all the instructions using that immediate (in range)	查找使用该立即数的所有指令（在范围内）
d	find and analyze function preludes	查找并分析函数前导
d	find and list the data/code references in quiet mode	以静默模式查找并列出数据/代码引用
d	find and register all xrefs in arm64 executable sections	查找并注册 arm64 可执行段中的所有交叉引用
d	find block of size bytes having this digest (see ph)	查找具有此摘要的指定大小字节块 (见 ph)
d	find collisions (bruteforce block length values until given checksum is found)	查找碰撞（暴力枚举块长度值直到找到给定校验和）
d	find data/code references from 'addr' and print in json format	从 'addr' 查找数据/代码引用并以 json 格式打印
d	find data/code references from and to this address	查找从此地址出发和指向此地址的数据/代码引用
d	find data/code references from this address	从此地址查找数据/代码引用
d	find data/code references from this function	从此函数查找数据/代码引用
d	find data/code references of flags	查找标志的数据/代码引用
d	find data/code references to 'addr' and print in json format	查找指向 'addr' 的数据/代码引用并以 json 格式打印
d	find data/code references to this address	查找指向此地址的数据/代码引用
d	find deleted filename by offset (FAT)	按偏移查找已删除的文件名（FAT）
d	find exec references	查找执行引用
d	find filename by offset in current fs	在当前文件系统中按偏移查找文件名
d	find instructions by text or bytes (asm/disasm)	按文本或字节查找指令 (asm/disasm)
d	find instructions matching given opstr only in analyzed code	仅在已分析代码中查找匹配给定操作符串的指令
d	find matching zignatures in current offset	在当前偏移处查找匹配的 zignature
d	find n closest matching zignatures to function at current offset	查找与当前偏移处函数最接近的 n 个匹配 zignature
d	find num paths from current offset to addr	查找从当前偏移到 addr 的 num 条路径
d	find prelude for current offset	查找当前偏移的前导
d	find read references	查找读取引用
d	find relative reference values (address + 4 byte signed int)	查找相对引用值（地址 + 4 字节有符号整数）
d	find sections by grouping blocks with similar entropy	通过对具有相似熵的块分组来查找节
d	find sections using human friendly output	使用人类友好输出查找节
d	find shortest BB path (following xrefs and edges)	查找最短 BB 路径（跟随交叉引用和边）
d	find valid assembly generated by changing only the nth byte	查找仅通过更改第 n 个字节生成的有效汇编
d	find values referencing a specific section or map	查找引用特定段或映射的值
d	find well known constant tables from different hash and crypto algorithms	查找来自不同哈希和加密算法的知名常量表
d	find write references	查找写入引用
d	finds the given value into a De Bruijn Pattern at current offset	在当前偏移处的 De Bruijn 模式中查找给定值
d	flag address for current address or given name	当前地址或给定名称的标志地址
d	flag as ordinals (sym.* func.* method.*)	标志作为序数（sym.* func.* method.*）
d	flag delta (addr - current_address)	标志增量（地址 - current_address）
d	flag end (addr + size)	标志结束（地址 + 大小）
d	flag function calls without performing a complete analysis	标记函数调用而不执行完整分析
d	flag import xrefs only	仅标记导入交叉引用
d	flag size	标志大小
d	flag tags within this file	标记此文件内的标签
d	flag tags, useful to find all flags matching some words	标记标签，有助于查找匹配某些词的所有标志
d	float ceil	浮点向上取整
d	float comparison	浮点比较
d	float floor	浮点向下取整
d	float round	浮点四舍五入
d	float square root	浮点平方根
d	float value (4 bytes)	浮点值（4 字节）
d	flush cons output	刷新控制台输出
d	fold/unfold/toggle	折叠/展开/切换
d	follow basic blocks paths from $$ to `addr`	跟随从 $$ 到 `addr` 的基本块路径
d	force arch ppc for all addrs >= 0x42 or until the next hint	对所有地址 >= 0x42 或直到下一个提示强制架构为 ppc
d	force quit (no questions)	强制退出（无询问）
d	force quit without freeing anything	强制退出而不释放任何内容
d	force quit without saving history	强制退出而不保存历史
d	format memory (see pf?)	格式化内存（参见 pf?）
d	formatted disassembly like pd as json	像 pd 一样格式化的反汇编作为 json
d	from hex pairs string	从十六进制对字符串
d	full snapshot of all `dm` maps	所有 `dm` 映射的完整快照
d	function callgraph	函数调用图
d	function cycles cost	函数循环代价
d	function dom graph	函数支配图
d	function instructions	函数指令
d	function name	函数名
d	function signature	函数签名
d	function size	函数大小
d	function size (realsize)	函数大小（实际大小）
d	function stack size	函数栈大小
d	function xrefs information	函数交叉引用信息
d	function, variables and arguments	函数、变量和参数
d	generate a core-file (WIP)	生成 core 文件（WIP）
d	generate a core-file with all memory maps	生成包含所有内存映射的 core 文件
d	generate a coredump file	生成 coredump 文件
d	generate random number between from-to	生成 from 到 to 之间的随机数
d	generate shellcodes with r_egg	以 r_egg 生成 shellcode
d	generate zignatures (alias for zaF)	生成 zignature（zaF 的别名）
d	generate zignatures for all functions	为所有函数生成 zignature
d	get asm.bits used in given addr (current seek)	获取给定地址中使用的 asm.bits（当前 seek）
d	get color of all flags in current offset	获取当前偏移处所有标志的颜色
d	get console height (in rows, see $c for columns)	获取控制台高度（行数，列数见 $c）
d	get fs file/dir and dump to disk (support base64:)	获取文件系统文件/目录并转储到磁盘（支持 base64:）
d	get function signature in JSON	以 JSON 获取函数签名
d	get function signature in flags	以标志获取函数签名
d	get info about opened file from r_bin	从 r_bin 获取已打开文件的信息
d	get last log message id	获取最后一条日志消息 id
d	get matching flagnames fot given tag	获取给定标签的匹配标志名
d	get nth call of function	获取函数的第 n 次调用
d	get nth data reference in function	获取函数中的第 n 个数据引用
d	get octal value	获取八进制值
d	get offset and size of given file	获取给定文件的偏移和大小
d	get offset and size of given file and seek to it	获取给定文件的偏移和大小并 seek 到它
d	get offsets of all matching flags	获取所有匹配标志的偏移
d	get or set the register profile size	获取或设置寄存器配置文件大小
d	get physical address for given virtual one	获取给定虚拟地址的物理地址
d	get regname for pc,sp,bp,a0-3,zf,cf,of,sg	获取 pc、sp、bp、a0-3、zf、cf、of、sg 的寄存器名
d	get terminal width in character columns	获取终端宽度（字符列数）
d	get value for meta.0x80404 key	获取 meta.0x80404 键的值
d	get value in human units (KB, MB, GB, TB)	以人类可读单位获取值（KB、MB、GB、TB）
d	get value of an sdb query value	获取 sdb 查询值的值
d	get value of eval config variable	获取 eval 配置变量的值
d	get value of eval config variable f.ex: ?vi ${bin.baddr}	获取 eval 配置变量的值，例如：?vi ${bin.baddr}
d	get value of register <reg> ($r{PC} and $r:PC are supported)	获取寄存器 <reg> 的值（支持 $r{PC} 和 $r:PC）
d	get value of var 'a'	获取变量 'a' 的值
d	get virtual address for given physical one	获取给定物理地址的虚拟地址
d	get word size, 4 if asm.bits=32, 8 if 64, ...	获取字大小，如果 asm.bits=32 则为 4，如果为 64 则为 8，...
d	get/set asm.bits for 'addr' and beyond	获取/设置 'addr' 及之后的 asm.bits
d	get/set environment variable	获取/设置环境变量
d	get/set function signature at current address (afs! uses cfg.editor)	在当前地址获取/设置函数签名（afs! 使用 cfg.editor）
d	give a name to that new 2MB stack	给那个新的 2MB 栈命名
d	global callgraph	全局调用图
d	global change permissions for all maps	全局更改所有映射的权限
d	global data references graph	全局数据引用图
d	global import (like afii, but global)	全局导入（类似 afii，但为全局）
d	global references graph	全局引用图
d	graph Modelling Language (gml)	图建模语言（gml）
d	graph call/ret trace	图 call/ret 跟踪
d	graph in agn/age commands. use .dtg*;aggi for visual	以 agn/age 命令的图。使用 .dtg*;aggi 进行可视化
d	graphviz dot	graphviz 点图
d	grep 1st column from the 4th line matching word	从匹配词的第 4 行起过滤第 1 列
d	grep 3rd column of lines matching word	过滤匹配词行的第 3 列
d	grep for lines NOT matching word	过滤不匹配词的行
d	grep for lines matching word	过滤匹配词的行
d	greyscale image	灰度图像
d	gron-like output (key=value)	类 gron 输出（key=value）
d	group imports by class, listed in key/value format	按类分组导入，以键/值格式列出
d	guess size of binary program (h for human friendly unit)	猜测二进制程序大小（h 为人类友好单位）
d	hand craft a function (requires afb+)	手工构造函数（需要 afb+）
d	handle ESIL registers like 'ar' or 'dr' does	像 'ar' 或 'dr' 那样处理 ESIL 寄存器
d	head (first byte value); This is the default mode	头部（首字节值）；这是默认模式
d	help for '|' (pipe)	'|'（管道）的帮助
d	help on commands	命令帮助
d	help on format characters	格式字符帮助
d	help or evaluate math expression	帮助或计算数学表达式
d	here (current disk io offset)	此处（当前磁盘 io 偏移量）
d	here (current virtual seek)	此处（当前虚拟定位）
d	hexdiff given snapshot. See `ccc`.	给定快照的十六进制差异。参见 `ccc`。
d	hexdump data array (Cd 4 10 == dword [10])	十六进制转储数据数组（Cd 4 10 == dword [10]）
d	hexdump of N bytes (o=octal, w=32bit, q=64bit)	N 字节的十六进制转储（o=八进制，w=32 位，q=64 位）
d	hexpairs from command output (cat $foo, ..)	从命令输出获取十六进制对（cat $foo 等）
d	hide data	隐藏数据
d	highlight 'word ' in current instruction with 'color' background	用 'color' 背景高亮当前指令中的 'word '
d	highlight current instruction with 'color' background	用 'color' 背景高亮当前指令
d	highlight edge between nodeA and nodeB	高亮 nodeA 和 nodeB 之间的边
d	highlight this address offset in disasm	在反汇编中高亮此地址偏移
d	highlight word or instruction	高亮词或指令
d	honor anal.{in,from,to} and emulate all executable regions	遵循 anal.{in,from,to} 并模拟所有可执行区域
d	hud json indentation	hud JSON 缩进
d	hud the output of {:	以 hud 显示 {: 的输出
d	human friendly indentation (yes, it's a smiley)	人类友好缩进（没错，它是个笑脸）
d	ie=entrypoint, iee=constructors+destructors, ies=epsymbols	ie=入口点，iee=构造函数+析构函数，ies=入口点符号
d	if # is a number repeat the command # times	若 # 为数字则将命令重复 # 次
d	if popped value != 0 run the block until }	如果弹出的值 != 0，则运行块直到 }
d	import radare2 project from given zrp file	从给定 zrp 文件导入 radare2 项目
d	import register values as flags	将寄存器值作为标志导入
d	import/export r2 project in zip form (.zrp extension)	以 zip 形式导入/导出 r2 项目（.zrp 扩展名）
d	imports graph	导入图
d	in json format	以 json 格式
d	in json format for codemeta annotations (used by frontends like iaito)	以 JSON 格式输出 codemeta 注解（供 iaito 等前端使用）
d	in/out ops	输入/输出操作
d	include common register values in flags	在标志中包含常见寄存器值
d	increase blocksize by 3	将块大小增加 3
d	increment, 2,a,++ == 3 (see rsi,--=[1], ... )	递增，2,a,++ == 3（参见 rsi,--=[1]，...）
d	increment/decrement byte,word..	递增/递减字节、字...
d	indent C code honoring braces	按花括号缩进 C 代码
d	information about the current calling convention	关于当前调用约定的信息
d	initialize ESIL VM stack (aeim- remove)	初始化 ESIL VM 栈（aeim- 移除）
d	initialize ESIL VM state (aei- to deinitialize)	初始化 ESIL VM 状态（aei- 反初始化）
d	initialize ESIL program counter to curseek	将 ESIL 程序计数器初始化为 curseek
d	initialize entrypoint stack environment	初始化入口点栈环境
d	initialize esil memory with default values from esil.stack.* evals	使用 esil.stack.* eval 中的默认值初始化 esil 内存
d	input registers (read before being set)	输入寄存器（在设置之前读取）
d	insert bytes at 'addr' by extending the file	通过扩展文件在 'addr' 处插入字节
d	insert bytes at current offset by extending the file	通过扩展文件在当前偏移处插入字节
d	insert num bytes, move following data up	插入 num 字节，将后续数据上移
d	instruction mnemonic description for asm.arch	asm.arch 的指令助记符描述
d	instruction reference pointer value (e.g. lea rax, 0x8010 => 0x8010)	指令引用指针值（例如 lea rax, 0x8010 => 0x8010）
d	int/swi/trap/new	中断/系统调用/陷阱/新增
d	interactive ascii art	交互式 ascii art
d	interactive debug trace	交互式调试跟踪
d	internal 'hud' (like V_)	内置 'hud'（类似 V_）
d	internal 'hud' in one line	单行内置 'hud'
d	internal 'less'	内置 'less'
d	internal flag: borrow	内部标志：借位
d	internal flag: carry	内部标志：进位
d	internal flag: delay-slot	内部标志：延迟槽
d	internal flag: jump-target	内部标志：跳转目标
d	internal flag: jump-target-set	内部标志：跳转目标已设置
d	internal flag: overflow	内部标志：溢出
d	internal flag: parity	内部标志：奇偶
d	internal flag: pc address	内部标志：pc 地址
d	internal flag: sign	内部标志：符号
d	internal flag: zero	内部标志：零
d	internal less	内置 less
d	interpret javascript file	解释 javascript 文件
d	interpret output of command	解释执行命令的输出
d	interpret output of command /m ELF as r. commands	将命令 /m ELF 的输出作为 r. 命令解释执行
d	interpret script	解释执行脚本
d	interpret the given file with lang plugin	使用语言插件解释给定文件
d	invalid	无效
d	inverse alphabetical sort	反向字母排序
d	inverse bytes in current block	反转当前块中的字节
d	inverse hexa search (find first byte != 0x00)	反向十六进制搜索 (查找第一个 != 0x00 的字节)
d	invert the boolean value of 'a' var	反转 'a' 变量的布尔值
d	is io.va true? virtual addressing (1,0)	io.va 是否为真？虚拟寻址（1,0）
d	join the contents of two files	连接两个文件的内容
d	json ('J' for formatted disassembly)	json（'J' 为格式化反汇编）
d	json indent	JSON 缩进
d	json indent and less	JSON 缩进并分页
d	json indentation	JSON 缩进
d	json output	json 输出
d	json path grep	JSON 路径过滤
d	jump	跳转
d	jump address (e.g. jmp 0x10, jz 0x10 => 0x10)	跳转地址（例如 jmp 0x10, jz 0x10 => 0x10）
d	jump fail address (e.g. jz 0x10 => next instruction)	跳转失败地址（例如 jz 0x10 => 下一条指令）
d	jump out address from basic block	从基本块跳出的地址
d	jump to the Nth word popped from the stack	跳转到从栈中弹出的第 N 个字
d	key-value database from RBinObject	来自 RBinObject 的键值数据库
d	kill all processes with the given name	终止所有具有给定名称的进程
d	kuery the sdb of pins	查询 pins 的 sdb
d	last comparison value	上一次比较值
d	launch r2 (same for rax2, rasm2, ...)	启动 r2（rax2、rasm2 等相同）
d	length of the patch in bytes (f.example an intel nop is 1 byte)	补丁长度（字节）（例如 intel nop 为 1 字节）
d	less json indentation	分页 JSON 缩进
d	less the output of {:	分页显示 {: 的输出
d	letters (lower + upper alphabet chars)	字母（小写 + 大写字母字符）
d	libraries	库
d	like $*, but b64-encode unprintable chars	类似 $*，但对不可打印字符做 b64 编码
d	like 'dr' but for the esil vm. (registers)	类似 'dr' 但用于 esil vm。（寄存器）
d	like 'pdr' but with 'pI' output	类似 'pdr' 但使用 'pI' 输出
d	like 'pi', with offset and bytes	类似 'pi'，带偏移和字节
d	like ?v, but in hexpairs honoring cfg.bigendian	类似 ?v，但以符合 cfg.bigendian 的十六进制对输出
d	like above but creates new one if doesnt exist	类似上面但如果不存在则创建新的
d	like af, but with an experimental engine. see anal.a2f	类似 af，但使用实验性引擎。参见 anal.a2f
d	like aflmu (uniq) but counting	类似 aflmu（唯一）但计数
d	like av, but as json	类似 av，但为 json
d	like av, but as r2 commands	类似 av，但为 r2 命令
d	like dsui, but using a regexp	类似 dsui，但使用正则表达式
d	linear function size	线性函数大小
d	linear pseudo-decompilation scrolling across functions	跨函数滚动的线性伪反编译
d	linearly find aproximated assembly (case insensitive strstr)	线性查找近似汇编（忽略大小写 strstr）
d	link a type to current address.	将类型链接到当前地址。
d	link type to given address.	将类型链接到给定地址。
d	list 3 log messages starting from 10	从 10 开始列出 3 条日志消息
d	list ESIL ops	列出 ESIL 操作
d	list ESIL plugins	列出 ESIL 插件
d	list FLIRT signature files from sigdb (see dir.flirt)	从 sigdb 列出 FLIRT 签名文件（参见 dir.flirt）
d	list Gadgets offsets	列出小工具寻址地址
d	list IO maps	列出 IO 映射
d	list SDB details of call loaded calling conventions	列出已加载调用约定的调用 SDB 详情
d	list addresses of each instruction for every basic block in function (see abo)	列出函数中每个基本块的每条指令地址（参见 abo）
d	list addresses where vars are accessed (READ)	列出访问变量的地址（读）
d	list addresses where vars are accessed (WRITE)	列出访问变量的地址（写）
d	list aliases	列出别名
d	list aliases and their values	列出别名及其值
d	list all IO plugins registered	列出所有已注册的 IO 插件
d	list all RBin plugins loaded or plugin details	列出所有已加载的 RBin 插件或插件详情
d	list all Text log messages	列出所有文本日志消息
d	list all asm/anal plugins (See `e asm.arch=?` and `La[jqf]`)	列出所有 asm/anal 插件（参见 `e asm.arch=?` 和 `La[jqf]`）
d	list all attachable pids	列出所有可附加的 pid
d	list all attachable pids in JSON format	以 JSON 格式列出所有可附加的 pid
d	list all available calling conventions	列出所有可用的调用约定
d	list all available interpreters	列出所有可用解释器
d	list all available interpreters in JSON	以 JSON 列出所有可用解释器
d	list all available lang plugin names (see Ll?)	列出所有可用语言插件名称（参见 Ll?）
d	list all basic blocks	列出所有基本块
d	list all cached write-operations on p-layer for specified fd or current fd	列出指定 fd 或当前 fd 在 p 层上所有缓存的写操作
d	list all cached write-operations on p-layer in radare commands	以 radare 命令列出 p 层上所有缓存的写操作
d	list all calling conventions	列出所有调用约定
d	list all classes	列出所有类
d	list all code line information (virtual address <-> source file:line)	列出所有代码行信息（虚拟地址 <-> 源文件:行）
d	list all commands in the shell history	列出 shell 历史中的所有命令
d	list all comments	列出所有注释
d	list all comments in human friendly form	以人类友好形式列出所有注释
d	list all comments in r2 commands	以 r2 命令列出所有注释
d	list all config options	列出所有配置选项
d	list all core undos as r2 commands	以 r2 命令列出所有核心撤销
d	list all core undos commands	列出所有核心撤销命令
d	list all defined IO maps for a specific fd	列出特定 fd 的所有已定义 IO 映射
d	list all environment variables	列出所有环境变量
d	list all eval spaces [or keys]	列出所有 eval 空间 [或键]
d	list all flag zones in json	以 json 列出所有标志区
d	list all flags colors in r2 commands	以 r2 命令列出所有标志颜色
d	list all flagtags in JSON format	以 JSON 格式列出所有 flagtag
d	list all flagtags in r2 commands	以 r2 命令列出所有 flagtag
d	list all format definition files (fdf)	列出所有格式定义文件（fdf）
d	list all format definitions	列出所有格式定义
d	list all function definitions in JSON	以 JSON 列出所有函数定义
d	list all function definitions loaded	列出所有已加载的函数定义
d	list all function names	列出所有函数名
d	list all functions similar to the current one	列出与当前函数类似的所有函数
d	list all info of target lib	列出目标库的所有信息
d	list all links in JSON format.	以 JSON 格式列出所有链接。
d	list all links in radare2 command format.	以 radare2 命令格式列出所有链接。
d	list all links in readable JSON format.	以可读 JSON 格式列出所有链接。
d	list all links in readable format.	以可读格式列出所有链接。
d	list all links.	列出所有链接。
d	list all loaded enums	列出所有已加载的枚举
d	list all loaded enums in C output format with newlines	以 C 输出格式列出所有已加载的枚举，带换行
d	list all loaded enums in C output format without newlines	以 C 输出格式列出所有已加载的枚举，不带换行
d	list all loaded enums in json	以 json 列出所有已加载的枚举
d	list all loaded functions signatures	列出所有已加载的函数签名
d	list all loaded structs	列出所有已加载的结构体
d	list all loaded structs in C output format without newlines	以 C 输出格式列出所有已加载的结构体，不带换行
d	list all loaded structs in json	以 json 列出所有已加载的结构体
d	list all loaded typedefs	列出所有已加载的 typedef
d	list all loaded types	列出所有已加载的类型
d	list all loaded types as json	以 json 列出所有已加载的类型
d	list all loaded types in C output format with newlines	以 C 输出格式列出所有已加载的类型，带换行
d	list all loaded types in C output format without newlines	以 C 输出格式列出所有已加载的类型，不带换行
d	list all loaded unions	列出所有已加载的联合体
d	list all loaded unions in C output format without newlines	以 C 输出格式列出所有已加载的联合体，不带换行
d	list all loaded unions in json	以 json 列出所有已加载的联合体
d	list all local labels for the given function	列出给定函数的所有局部标签
d	list all matching structure offsets	列出所有匹配的结构体偏移
d	list all memory banks	列出所有内存 bank
d	list all mnemonics	列出所有助记符
d	list all mountpoints in human readable format	以人类可读格式列出所有挂载点
d	list all names used in the autonaming guess algorithm	列出自动命名猜测算法中使用的所有名称
d	list all opcode types	列出所有操作码类型
d	list all open connections	列出所有打开的连接
d	list all open files or show current fd 'oqq'	列出所有打开的文件或显示当前 fd 'oqq'
d	list all or single class detailed	列出所有或单个类的详情
d	list all possible opcode types (See /atl)	列出所有可能的操作码类型（参见 /atl）
d	list all projects	列出所有项目
d	list all recursive functions (functions calling themselves)	列出所有递归函数（调用自身的函数）
d	list all register names	列出所有寄存器名
d	list all register types	列出所有寄存器类型
d	list all reverts in current	列出当前所有还原
d	list all signal handlers in JSON	以 JSON 列出所有信号处理程序
d	list all signal handlers of child process	列出子进程的所有信号处理程序
d	list all strings in human friendly form	以人类友好形式列出所有字符串
d	list all strings in r2 commands	以 r2 命令列出所有字符串
d	list all structs matching the given size	列出所有匹配给定大小的结构体
d	list all supported partition types	列出所有支持的分区类型
d	list all tags	列出所有标签
d	list all tasks (alias for 'jobs' command)	列出所有任务 ('jobs' 命令的别名)
d	list all tasks (in JSON)	列出所有任务 (JSON 格式)
d	list all the highlight rules	列出所有高亮规则
d	list all the highlighted edges	列出所有高亮的边
d	list all the instruction types (RAnalOp.Type)	列出所有指令类型（RAnalOp.Type）
d	list all traced disassembled (quiet, instructions)	列出所有跟踪的反汇编（静默，指令）
d	list all traced opcode offsets	列出所有跟踪的操作码偏移
d	list all traces	列出所有跟踪
d	list all traces 	列出所有轨迹
d	list all type analysis annotations	列出所有类型分析注释
d	list all type analysis annotations as JSON	以 JSON 列出所有类型分析注释
d	list all type analysis annotations as a table	以表格列出所有类型分析注释
d	list all type analysis annotations as r2 commands	以 r2 命令列出所有类型分析注释
d	list all types used by any function	列出任何函数使用的所有类型
d	list all types used in the current or given function (same as tx.)	列出当前或给定函数中使用的所有类型（与 tx. 相同）
d	list all types with offsets (structs, unions, enums, functions)	列出所有带偏移的类型（结构体、联合体、枚举、函数）
d	list all write changes in JSON	以 JSON 列出所有写更改
d	list all write changes in all the cache layers	列出所有缓存层中的所有写更改
d	list all write changes in disasm diff format	以反汇编差异格式列出所有写更改
d	list all write changes in the current cache layer	列出当前缓存层中的所有写更改
d	list all xrefs	列出所有交叉引用
d	list all/given function signatures in C output format with newlines	以 C 输出格式列出所有/给定函数签名，带换行
d	list all/given loaded structs in C output format with newlines	以 C 输出格式列出所有/给定已加载的结构体，带换行
d	list all/given loaded unions in C output format with newlines	以 C 输出格式列出所有/给定已加载的联合体，带换行
d	list all/given types in C output format	以 C 输出格式列出所有/给定类型
d	list all/key color keys	列出所有/键颜色键
d	list analysis plugins	列出分析插件
d	list arch plugins	列出架构插件
d	list archs found in current binary (same as rabin2 -A)	列出当前二进制文件中找到的架构（与 rabin2 -A 相同）
d	list assembler plugins	列出汇编器插件
d	list available function preludes defined by the arch plugin	列出由架构插件定义的可用函数前导
d	list available hash plugins (same as Lh and phl/phL)	列出可用的哈希插件（与 Lh 和 phl/phL 相同）
d	list available hash plugins in json	以 json 列出可用的哈希插件
d	list available r2 docs	列出可用的 r2 文档
d	list available themes (See e dir.themes)	列出可用主题（参见 e dir.themes）
d	list available themes in JSON	以 JSON 列出可用主题
d	list available themes without showing the current one	列出可用主题而不显示当前主题
d	list backtraces for this function	列出此函数的回溯
d	list base pointer based arguments, locals	列出基于基指针的参数、局部变量
d	list bases of class	列出类的基类
d	list basic blocks of current offset in analysis order, see afla (EXPERIMENTAL)	按分析顺序列出当前偏移的基本块，参见 afla（实验性）
d	list basic blocks of function	列出函数的基本块
d	list bin plugins	列出 bin 插件
d	list bin plugins (iL)	列出 bin 插件（iL）
d	list breakpoint indexes	列出断点索引
d	list breakpoints	列出断点
d	list breakpoints in JSON format	以 JSON 格式列出断点
d	list breakpoints in radare commands	以 radare 命令列出断点
d	list calling conventions as r2 commands	以 r2 命令列出调用约定
d	list calling conventions in k=v format	以 k=v 格式列出调用约定
d	list cc signatures (return ccname (arg0, arg1, ..) err;)	列出 cc 签名（返回 ccname (arg0, arg1, ..) err;）
d	list checkpoint replay streams	列出检查点重放流
d	list checkpoints	列出检查点
d	list checkpoints in JSON	以 JSON 列出检查点
d	list children of pid	列出 pid 的子进程
d	list children of pid in JSON format	以 JSON 格式列出 pid 的子进程
d	list closest symbol to the current address	列出最接近当前地址的符号
d	list color themes (eco)	列出颜色主题（eco）
d	list commands registered with the new command API	列出使用新命令 API 注册的命令
d	list commands used in current session	列出当前会话使用的命令
d	list comments in basic block	列出基本块中的注释
d	list comments in function	列出函数中的注释
d	list comments in table format	以表格格式列出注释
d	list comments/types/hidden/strings/data/magic/formatted in human friendly form	以人类友好形式列出注释/类型/隐藏/字符串/数据/魔术/格式化
d	list comments/types/hidden/strings/data/magic/formatted in r2 commands	以 r2 命令列出注释/类型/隐藏/字符串/数据/魔术/格式化
d	list comparison watchers	列出比较观察器
d	list config vars in JSON	以 JSON 列出配置变量
d	list config vars in verbose JSON	以详细 JSON 列出配置变量
d	list config vars in verbose format	以详细格式列出配置变量
d	list config vars in verbose format in JSON	以详细 JSON 格式列出配置变量
d	list config vars with description	列出带描述的配置变量
d	list constructors and destructors	列出构造函数和析构函数
d	list core plugins	列出核心插件
d	list current memory map and hash	列出当前内存映射和哈希
d	list current or all mnemonics for current arch	列出当前架构的当前或所有助记符
d	list current pid and children	列出当前 pid 和子进程
d	list debug plugins (dL)	列出调试插件（dL）
d	list debugger handlers	列出调试器处理程序
d	list debugger handlers in json mode	以 json 模式列出调试器处理程序
d	list debugger handlers in quiet mode	以静默模式列出调试器处理程序
d	list deleted files (FAT)	列出已删除的文件（FAT）
d	list egg plugins	列出 egg 插件
d	list entrypoint symbols (see 'ise')	列出入口点符号（参见 'ise'）
d	list environment vars	列出环境变量
d	list esil plugins	列出 esil 插件
d	list esil watchpoints	列出 esil 观察点
d	list existing signal handling	列出现有信号处理
d	list file descriptors	列出文件描述符
d	list files and directories	列出文件与目录
d	list files and directory on the virtual r2's fs	列出虚拟 r2 文件系统中的文件和目录
d	list files in current or given directory	列出当前或给定目录中的文件
d	list files in json format	以 json 格式列出文件
d	list files using emojis	使用 emoji 列出文件
d	list filesystem plugins (Same as Lm), mLL shows only fs plugin names	列出文件系统插件（与 Lm 相同），mLL 仅显示 fs 插件名称
d	list flags (will only list flags from selected flagspaces)	列出标志（仅列出所选标志空间中的标志）
d	list flags displaying the real name (demangled)	列出标志并显示真实名称（解混淆）
d	list flags displaying the real name (demangled) in JSON format	以 JSON 格式列出标志并显示真实名称（解混淆）
d	list flags in JSON format	以 JSON 格式列出标志
d	list flags in quiet mode	以静默模式列出标志
d	list flags in r commands	以 r 命令列出标志
d	list flagspaces in quiet mode	以静默模式列出标志空间
d	list found xrefs in JSON format	以 JSON 格式列出找到的交叉引用
d	list found xrefs in radare commands format	以 radare 命令格式列出找到的交叉引用
d	list fs plugins (mL)	列出 fs 插件（mL）
d	list function basic block dependency list in order and set abe values	按顺序列出函数基本块依赖列表并设置 abe 值
d	list function references	列出函数引用
d	list function variables and arguments with disasm refs	列出带反汇编引用的函数变量和参数
d	list function xrefs (who references or calls the current function)	列出函数交叉引用（谁引用或调用当前函数）
d	list function xrefs in JSON format	以 JSON 格式列出函数交叉引用
d	list function xrefs in radare commands format	以 radare 命令格式列出函数交叉引用
d	list function xrefs with names	列出带名称的函数交叉引用
d	list functions	列出函数
d	list functions (addr, size, bbs, name) (see afll)	列出函数（地址、大小、基本块、名称）（参见 afll）
d	list functions and the types they use	列出函数及其使用的类型
d	list functions and what they call in makefile-like format	以类似 makefile 的格式列出函数及其调用
d	list functions in json	以 json 列出函数
d	list functions in json quiet mode	以 json 静默模式列出函数
d	list functions in makefile style (af@@=`aflm~0x`)	以 makefile 风格列出函数（af@@=`aflm~0x`）
d	list functions in quiet mode	以静默模式列出函数
d	list functions in table format	以表格格式列出函数
d	list functions in verbose mode (alias to aflj)	以详细模式列出函数（aflj 的别名）
d	list functions in verbose mode (sorted by column name)	以详细模式列出函数（按列名排序）
d	list functions names using this type	列出使用此类型的函数名
d	list functions with its calls in quiet mode	以静默模式列出函数及其调用
d	list given loaded enums in C output format with newlines	以 C 输出格式列出给定已加载的枚举，带换行
d	list given loaded type in C output format with newlines	以 C 输出格式列出给定已加载的类型，带换行
d	list global variables	列出全局变量
d	list grouped imports in json	以 json 列出分组导入
d	list hash plugins (ph)	列出哈希插件（ph）
d	list hints in JSON	以 JSON 列出提示
d	list hints in human-readable format	以人类可读格式列出提示
d	list hints in human-readable format from current offset	从当前偏移以人类可读格式列出提示
d	list hints in radare commands format	以 radare 命令格式列出提示
d	list imports	列出导入
d	list imports as JSON	以 JSON 列出导入
d	list imports as radare2 commands	以 radare2 命令列出导入
d	list imports grouped by class	按类分组列出导入
d	list imports in quiet mode	以静默模式列出导入
d	list imports used by current function	列出当前函数使用的导入
d	list in json format	以 json 格式列出
d	list in json format (TODO: add instruction description too?)	以 json 格式列出（TODO：也添加指令描述？）
d	list in radare commands	以 radare 命令列出
d	list in table format	以表格格式列出
d	list instruction bytes and mask for the current basic block	列出当前基本块的指令字节和掩码
d	list instruction trace logs in json	以 json 列出指令跟踪日志
d	list instructions matching any of the comma separated optypes	列出匹配任一逗号分隔操作类型的指令
d	list io cache layers	列出 io 缓存层
d	list io plugins (oL)	列出 io 插件（oL）
d	list keys	列出键
d	list kv from anal > meta namespaces	列出 anal > meta 命名空间中的 kv
d	list lang plugins (#!)	列出 lang 插件（#!）
d	list local per-function flags (*) as r2 commands	以 r2 命令列出每函数局部标志（*）
d	list local variables read-write-exec references	列出局部变量的读-写-执行引用
d	list log from 123	从 123 列出日志
d	list mem areas (larger than len bytes) not covered by functions	列出未被函数覆盖的内存区域（大于 len 字节）
d	list memmaps in JSON format	以 JSON 格式列出 memmap
d	list memmaps in radare commands (dm** ioMap every debugMap, dm*- undoes)	以 radare 命令列出 memmap（dm** 为每个 debugMap 映射 ioMap，dm*- 撤销）
d	list memory banks in json	以 json 列出内存 bank
d	list memory map of current module	列出当前模块的内存映射
d	list memory maps of target process	列出目标进程的内存映射
d	list memory maps of target process (ascii-art bars)	列出目标进程的内存映射（ascii-art 条）
d	list memory segments (maps with om)	列出内存段（带 om 的映射）
d	list memory snapshots	列出内存快照
d	list meta info in human friendly form	以人类友好形式列出元信息
d	list meta info in r2 commands	以 r2 命令列出元信息
d	list meta info of current offset in human friendly form	以人类友好形式列出当前偏移的元信息
d	list meta info of current offset in r2 commands	以 r2 命令列出当前偏移的元信息
d	list modules (libraries, binaries loaded in memory)	列出模块（加载到内存中的库、二进制文件）
d	list modules of target process	列出目标进程的模块
d	list modules of target process (JSON)	以 JSON 列出目标进程的模块
d	list modules of target process (r2 commands)	以 r2 命令列出目标进程的模块
d	list mounted filesystems in JSON	以 JSON 列出已挂载的文件系统
d	list namespaces under anal	列出 anal 下的命名空间
d	list of syscalls by asm.os and asm.arch	按 asm.os 和 asm.arch 列出系统调用
d	list of syscalls in JSON	以 JSON 列出系统调用
d	list only pinned functions	仅列出固定（pinned）函数
d	list opcode offsets of current basic block	列出当前基本块的操作码偏移
d	list open files as r2 commands	以 r2 命令列出打开的文件
d	list opened binary files and objid	列出已打开的二进制文件和 objid
d	list opened binary files and objid (JSON format)	以 JSON 格式列出已打开的二进制文件和 objid
d	list opened binary files and objid (r2 commands)	以 r2 命令列出已打开的二进制文件和 objid
d	list opened binary files backed by fd	列出由 fd 支持的已打开二进制文件
d	list opened files	列出已打开的文件
d	list opened files in JSON format	以 JSON 格式列出已打开的文件
d	list opened files in r2 commands, show r2 script to set flag for each fd	以 r2 命令列出已打开的文件，显示为每个 fd 设置标志的 r2 脚本
d	list or load symbols from library	从库中列出或加载符号
d	list or set debugger handler	列出或设置调试器处理程序
d	list parser plugins (e asm.parser=?)	列出解析器插件（e asm.parser=?）
d	list pinned functions as r2 commands	以 r2 命令列出固定（pinned）函数
d	list pinned functions in json	以 json 列出固定（pinned）函数
d	list pins	列出 pin
d	list pins in r2 commands	以 r2 命令列出 pin
d	list plugins (shellcodes, encoders)	列出插件（shellcode、编码器）
d	list range bars graphics with flag offsets and sizes	列出带标志偏移和大小的范围条图形
d	list ranked candidate names for current function	列出当前函数的排名候选名称
d	list recovered functions	列出恢复的函数
d	list recovered source files	列出恢复的源文件
d	list refs	列出引用
d	list refs in quiet/human-readable format	以静默/人类可读格式列出引用
d	list register based arguments	列出基于寄存器的参数
d	list register stack	列出寄存器栈
d	list resource address, size, type and name	列出资源地址、大小、类型和名称
d	list resource names only	仅列出资源名称
d	list resources in JSON	以 JSON 列出资源
d	list resources in table using given expression	使用给定表达式以表格列出资源
d	list resources with all available metadata	列出带所有可用元数据的资源
d	list sections in table using given expression	使用给定表达式以表格列出段
d	list sections of target lib	列出目标库的段
d	list sections with the symbols contained (iSmc for count only, iSmj for json)	列出包含的符号的段（iSmc 仅计数，iSmj 为 json）
d	list sections, segments and compute their hash	列出段、片段并计算其哈希
d	list snapshots in JSON	以 JSON 列出快照
d	list snapshots in r2 commands	以 r2 命令列出快照
d	list source of current function (like gdb's 'list' command)	列出当前函数的源代码（类似 gdb 的 'list' 命令）
d	list stack based arguments and locals	列出基于栈的参数和局部变量
d	list status of background coretask jobs (alias for '&' command, see 'fg' and 'bg')	列出后台核心任务作业的状态（'&' 命令的别名，参见 'fg' 和 'bg'）
d	list supported decompilers (e cmd.pdc=?)	列出支持的反编译器（e cmd.pdc=?）
d	list symbols in table using given expression	使用给定表达式以表格列出符号
d	list symbols of target lib	列出目标库的符号
d	list symbols of target lib in radare commands	以 radare 命令列出目标库的符号
d	list the relocations (iR is an accidental alias for 'ir')	列出重定位（iR 是 'ir' 的意外别名）
d	list the symbols	列出符号
d	list the symbols imported from other libraries	列出从其他库导入的符号
d	list them all	全部列出
d	list them in JSON	以 JSON 列出
d	list threads of current pid	列出当前 pid 的线程
d	list threads of current pid in JSON format	以 JSON 格式列出当前 pid 的线程
d	list threads of process	列出进程的线程
d	list threads of process in JSON format	以 JSON 格式列出进程的线程
d	list types info in r2 commands	以 r2 命令列出类型信息
d	list undo seek history (JSON, =list, *r2, !=names, s==)	列出撤销 seek 历史（JSON、=list、*r2、!=names、s==）
d	list visual marks	列出可视化标记
d	list xrefs (axlc = count, axlq = quiet, axlj = json)	列出交叉引用（axlc = 计数，axlq = 静默，axlj = json）
d	list xrefs in json format	以 json 格式列出交叉引用
d	list xrefs in quiet mode (axq)	以静默模式列出交叉引用（axq）
d	list xrefs to target address in arm64 executable sections	列出 arm64 可执行段中指向目标地址的交叉引用
d	list zignatures loaded in table format (see z,:help)	以表格格式列出已加载的 zignature（参见 z,:help）
d	list, attach to process or thread id	列出、附加到进程或线程 id
d	list, create or destroy background session server	列出、创建或销毁后台会话服务器
d	list, open or extract binary resources	列出、打开或提取二进制资源
d	list, send, get, set, signal handlers of child	列出、发送、获取、设置子进程的信号处理程序
d	list, show or change register alias name (PC,A0, defined by the register profile)	列出、显示或更改寄存器别名（PC、A0，由寄存器配置文件定义）
d	list, unload load r2 plugins	列出、卸载、加载 r2 插件
d	list/get/set config evaluable vars	列出/获取/设置可评估配置变量
d	list/select memory map banks	列出/选择内存映射 bank
d	load a Format Definition File (fdf)	加载格式定义文件（fdf）
d	load bininfo for current file (useful for r2 -n)	加载当前文件的 bininfo（对 r2 -n 有用）
d	load contents of file into the current map region	将文件内容加载到当前映射区域
d	load hexpair string from given file and load it into the current block	从给定文件加载十六进制对字符串并载入当前块
d	load hud menu with given file	以给定文件加载 hud 菜单
d	load info from file (or last opened) use bin.baddr	从文件（或最后打开的）加载信息，使用 bin.baddr
d	load next color theme	加载下一个颜色主题
d	load pdb file information	加载 pdb 文件信息
d	load plugin file	加载插件文件
d	load previous color theme	加载上一个颜色主题
d	load register profile from file	从文件加载寄存器配置文件
d	load saved layout with name test	加载名为 test 的已保存布局
d	load table from CSV file (comma dot)	从 CSV 文件加载表 (逗号 点)
d	load theme if provided (list available themes if not)	如果提供则加载主题（否则列出可用主题）
d	load types from C header file	从 C 头文件加载类型
d	load types from a built-in type database (e.g. types-jni)	从内置类型数据库加载类型（例如 types-jni）
d	load types from parsed Sdb database	从解析的 Sdb 数据库加载类型
d	load types from string (quote the whole command: "td ...")	从字符串加载类型（引用整个命令："td ..."）
d	load visual script (also known as slides)	加载可视化脚本（也称为幻灯片）
d	load zinatures from gzipped sdb file	从 gzip 压缩的 sdb 文件加载 zignature
d	load zinatures from sdb file	从 sdb 文件加载 zignature
d	lock screen	锁定屏幕
d	long double value (16 bytes (10 with padding))	long double 值（16 字节（10 带填充））
d	long multiply	长乘法
d	look for an `cfg.bigendian` 32bit value	查找 `cfg.bigendian` 32 位值
d	look for an `cfg.bigendian` 32bit value in range	在范围内查找 `cfg.bigendian` 32 位值
d	lookup function address on vtable offset	在 vtable 偏移上查找函数地址
d	loop count (backward jumps)	循环计数（向后跳转）
d	lowercase alphabet chars only	仅小写字母字符
d	magic parse (see pm?)	魔术解析（参见 pm?）
d	make current opcode conditional (same as je) (zero)	使当前操作码有条件（与 je 相同）（零）
d	make current opcode conditional (same as jne) (not zero)	使当前操作码有条件（与 jne 相同）（非零）
d	make the current opcode a trap	使当前操作码成为 trap
d	make the current opcode return -1	使当前操作码返回 -1
d	make the current opcode return 0	使当前操作码返回 0
d	make the current opcode return 1	使当前操作码返回 1
d	man=manpage reading (see mal)	man=阅读手册页（参见 mal）
d	manage FLIRT signatures	管理 FLIRT 签名
d	manage calling convention types	管理调用约定类型
d	manage classes	管理类
d	manage esil pin hooks (see 'e cmd.esil.pin')	管理 esil pin 钩子（参见 'e cmd.esil.pin'）
d	manage file descriptors for child process	管理子进程的文件描述符
d	manage flagspaces	管理标志空间
d	manage global variables	管理全局变量
d	manage map names	管理映射名称
d	manage meta-spaces to filter comments, etc..	管理元空间以过滤注释等。
d	manage noreturn function attributes and marks	管理 noreturn 函数属性和标记
d	manage notes associated with the project	管理与项目关联的笔记
d	manage refs/xrefs (see also afx?)	管理引用/交叉引用（另见 afx?）
d	manage register arenas	管理寄存器 arena
d	manage register arenas. see ara?	管理寄存器 arena。参见 ara?
d	manage scripting macros	管理脚本宏
d	manage trace sessions, used for step back (EXPERIMENTAL)	管理跟踪会话，用于回退（实验性）
d	manage type analysis annotations	管理类型分析注释
d	manage zignature files	管理 zignature 文件
d	manage zignspaces	管理 zignspace
d	manipulate args, registers and variables in function	在函数中操作参数、寄存器和变量
d	manipulate bp based arguments/locals	操作基于 bp 的参数/局部变量
d	manipulate breakpoints by index	按索引操作断点
d	manipulate register based arguments	操作基于寄存器的参数
d	manipulate sp based arguments/locals	操作基于 sp 的参数/局部变量
d	manually set calling convention for current function	手动设置当前函数的调用约定
d	map address (lowest map address)	映射地址（最低映射地址）
d	map base address	映射基地址
d	map distance comparing current offset and map.addr	比较当前偏移量和 map.addr 的映射距离
d	map each bit of the number as flag string index	将数值的每一位映射为标志字符串索引
d	map end address	映射结束地址
d	map file at 0x4000	在 0x4000 处映射文件
d	map raw 'file' at 0x4000 (no r_bin involved)	在 0x4000 处映射原始 'file'（不涉及 r_bin）
d	map raw file at addr with vsize (no r_bin involved)	在 addr 处映射原始文件，带 vsize（不涉及 r_bin）
d	map size	映射大小
d	mark immediate as a type offset (deprecated, moved to "aho")	将立即数标记为类型偏移（已弃用，移至 "aho"）
d	match ins1 followed by ins2 in linear disasm	在线性反汇编中匹配 ins1 后跟 ins2
d	match regular expression	匹配正则表达式
d	math ops	数学运算
d	max size of block	块的最大大小
d	maximal address (last basic block + size)	最大地址（最后一个基本块 + 大小）
d	memreads	内存读取
d	memwrites	内存写入
d	mem{reads,writes} with PIC only fetch the offset	mem{reads,writes} 在 PIC 下仅获取偏移
d	merge current function into 0x100003d74	将当前函数合并到 0x100003d74
d	merge current selected binfile into previous binfile (id-1)	将当前选定的 binfile 合并到前一个 binfile（id-1）
d	merge two functions	合并两个函数
d	mermaid (append 'a' to include asm)	mermaid（追加 'a' 以包含汇编）
d	min/max/number of unique bytes in block	块中唯一字节的最小/最大/数量
d	minimal address (lowest basic block)	最小地址（最低基本块）
d	misc help for '@' (seek), '~' (grep) (see ~?""?)	'@'（定位）、'~'（过滤）的杂项帮助（见 ~?""）
d	mmc  Mountpoint Miknight Commander	mmc  挂载点 Miknight Commander
d	modify hardware breakpoint	修改硬件断点
d	modify opcode (change conditional of jump. nop, etc) (RArch.patch)	修改操作码（更改跳转的条件。nop 等）（RArch.patch）
d	modify the current offset to a custom value	将当前偏移修改为自定义值
d	module	模块
d	mount ext2 fs at /mnt with delta 0 on IO	以增量 0 在 IO 上于 /mnt 挂载 ext2 文件系统
d	mount filesystems and inspect its contents	挂载文件系统并检查其内容
d	mount fs at /mnt with autodetect fs and current offset	以自动检测文件系统和当前偏移在 /mnt 挂载文件系统
d	mount fs with plugin options	使用插件选项挂载文件系统
d	move cursor to column 10, row 20	将光标移动到第 10 列、第 20 行
d	move flag at current offset to new address	将当前偏移处的标志移动到新地址
d	move flags at given address to the current flagspace	将给定地址处的标志移动到当前标志空间
d	move flags matching 'flag' to relative addr	将匹配 'flag' 的标志移动到相对地址
d	move map to the given address	将映射移动到给定地址
d	move,lea,li	移动/装载/立即数
d	multiple write operations	多种写操作
d	multiply	乘法
d	multiply and assign a *= b	乘法并赋值 a *= b
d	name/signum resolver	名称/信号编号解析器
d	negate all bits	取反所有位
d	negate grep	反向过滤
d	next char is a pointer (honors asm.bits)	下一个字符是指针（遵循 asm.bits）
d	next char specifies size of signed value (1, 2, 4 or 8 byte(s))	下一个字符指定有符号值的大小（1、2、4 或 8 字节）
d	next char specifies size of unsigned value (1, 2, 4 or 8 byte(s))	下一个字符指定无符号值的大小（1、2、4 或 8 字节）
d	no args = show current trace tag, otherwise set the color	无参数 = 显示当前跟踪标签，否则设置颜色
d	nop	空操作
d	nop current opcode	nop 当前操作码
d	normal output to display binary headers	正常输出以显示二进制头
d	not all archs are supported and not all commands work on all archs	并非所有架构都受支持，且并非所有命令在所有架构上都能工作
d	nth call	第 n 次调用
d	nth jump	第 n 次跳转
d	nth xref	第 n 个交叉引用
d	null terminated string	以 null 结尾的字符串
d	null terminated wide string	以 null 结尾的宽字符串
d	number of 0x00 bytes for each filesize/blocksize	每个文件大小/块大小的 0x00 字节数
d	number of 0xFF bytes for each filesize/blocksize	每个文件大小/块大小的 0xFF 字节数
d	number of basic blocks	基本块数量
d	number of bytes with value '0'	值为 '0' 的字节数
d	number of bytes with value 0xFF	值为 0xFF 的字节数
d	number of caller functions	调用者函数数量
d	number of calls per block	每块的调用数
d	number of chars in strings in block	块中字符串的字符数
d	number of chars in strings in block (same as pzs)	块中字符串的字符数（与 pzs 相同）
d	number of cross references	交叉引用数量
d	number of edges between basic blocks	基本块之间的边数
d	number of flags and marks in block	块中标志和标记的数量
d	number of flags and marks in block (same as pzf)	块中标志和标记的数量（与 pzf 相同）
d	number of function arguments	函数参数数量
d	number of invalid instructions per block	每块无效指令的数量
d	number of jumps and conditional jumps in block	块中跳转和条件跳转的数量
d	number of local variables	局部变量数量
d	number of printable bytes for each filesize/blocksize	每个文件大小/块大小的可打印字节数
d	number of printable chars	可打印字符数
d	number of syscall and privileged instructions	系统调用和特权指令的数量
d	number of unique bytes in block	块中唯一字节数
d	numeric argument can be an expression	数值参数可以是表达式
d	octal value (4 byte)	八进制值（4 字节）
d	offset of flag	标志的偏移量
d	omit the STDERR output of 'cmd'	忽略 'cmd' 的标准错误输出
d	on signal SKIP handler or CONT into	收到信号时跳过处理程序或 CONT 进入
d	only print the summary for the current function (see pds)	仅打印当前函数的摘要（参见 pds）
d	only trace given addresses	仅跟踪给定地址
d	opcode decoding information in json	以 json 显示操作码解码信息
d	opcode immediate value (e.g. lui a0,0x8010 => 0x8010)	操作码立即数值（例如 lui a0,0x8010 => 0x8010）
d	opcode-bytes code graph diff	操作码字节代码图差异
d	open Calling Convention sdb profile from given path	从给定路径打开调用约定 sdb 配置文件
d	open FLIRT file and dump	打开 FLIRT 文件并转储
d	open FLIRT file and get sig commands (zfz flirt_file > zignatures.sig)	打开 FLIRT 文件并获取 sig 命令（zfz flirt_file > zignatures.sig）
d	open [file] file in read-only	以只读方式打开 [file] 文件
d	open a basic shell (aims to support basic posix syntax)	打开基本 shell（旨在支持基本 posix 语法）
d	open a file in read-write mode	以读写模式打开文件
d	open a file or URL with the system handler	使用系统处理程序打开文件或 URL
d	open a malloc://[len] copying the bytes from current offset	打开 malloc://[len] 并从当前偏移复制字节
d	open a shell or run command in the project directory	打开 shell 或在项目目录中运行命令
d	open bin info from the given address	从给定地址打开 bin 信息
d	open cfg.editor and interpret tmp file	打开 cfg.editor 并解释执行临时文件
d	open cfg.editor to change the value of var	打开 cfg.editor 以更改变量的值
d	open cfg.editor to define new types	打开 cfg.editor 以定义新类型
d	open cfg.editor to edit the clipboard	打开 cfg.editor 以编辑剪贴板
d	open cfg.editor to edit types	打开 cfg.editor 以编辑类型
d	open cfg.editor to load types	打开 cfg.editor 以加载类型
d	open cfg.editor with given 'file'	使用给定 'file' 打开 cfg.editor
d	open core file, like relaunching r2	打开 core 文件，类似重新启动 r2
d	open editor and run the r2 commands saved in the file	打开编辑器并运行文件中保存的 r2 命令
d	open editor to change the user rc file or [file]	打开编辑器以更改用户 rc 文件或 [file]
d	open file and load bin info at given address	打开文件并在给定地址加载 bin 信息
d	open file as read-only (r--); addr = use as char* for path	以只读方式打开文件（r--）；addr = 将路径用作 char*
d	open file at optional address	在可选地址打开文件
d	open file in rw mode without parsing headers	以 rw 模式打开文件而不解析头
d	open file into namespace	将文件打开到命名空间
d	open file without creating any map	打开文件而不创建任何映射
d	open file without creating any map or parsing headers with rbin)	打开文件而不创建任何映射或用 rbin 解析头
d	open filesystem shell at /mnt (or fs.cwd if not defined)	在 /mnt 打开文件系统 shell（如果未定义则使用 fs.cwd）
d	open given file into a malloc://	将给定文件打开到 malloc://
d	open next file	打开下一个文件
d	open next file rotating	循环打开下一个文件
d	open previous file	打开上一个文件
d	open priorizing fd	打开优先 fd
d	open process (reload, alias for 'oo')	打开进程（重新加载，'oo' 的别名）
d	open project (formerly Po)	打开项目（以前为 Po）
d	open remote session with host 'fd', 'q' to quit	以主机 'fd' 打开远程会话，'q' 退出
d	open the file test in 'cfg.editor'	在 'cfg.editor' 中打开文件 test
d	open the given resource as a new file (copied into malloc://)	将给定资源作为新文件打开（复制到 malloc://）
d	open visual panels	打开可视化面板
d	open/create file as read-write (rw-); addr = use as char* for path	以读写方式打开/创建文件（rw-）；addr = 将路径用作 char*
d	optionally you can specify address instead of current seek	可选地，你可以指定地址而不是当前 seek
d	other:	其他:
d	output C (or python) format	输出 C（或 python）格式
d	output names are sanitized and existing files are never overwritten	输出名称已清理，且现有文件绝不覆盖
d	output of command in JSON format (pdj)	以 JSON 格式输出命令（pdj）
d	output of command in r2 script format (CC*)	以 r2 脚本格式输出命令（CC*）
d	output r2 command for displaying the value of args/locals in the debugger	输出用于在调试器中显示参数/局部变量值的 r2 命令
d	output r2 command to add args/locals to flagspace	输出将参数/局部变量添加到标志空间的 r2 命令
d	output radare commands	输出 radare 命令
d	output redirection	输出重定向
d	output the last n lines of a file (default n=5)	输出文件的最后 n 行（默认 n=5）
d	override call/jump address	覆盖 call/jump 地址
d	override esil.cmd.pin for this pin name	为此 pin 名称覆盖 esil.cmd.pin
d	override fallback address for call	覆盖 call 的回退地址
d	pa:assemble  pa[dD]:disasm or pae: esil from hex	pa:汇编  pa[dD]:反汇编 或 pae: 从十六进制得到 esil
d	panels mode	面板模式
d	parameter can be negative	参数可以为负
d	parse C-like output from decompiler	解析反编译器的类 C 输出
d	parse gdb register profile and dump an r2 profile string	解析 gdb 寄存器配置文件并转储 r2 配置文件字符串
d	parse gopclntab and show header plus recovered functions	解析 gopclntab 并显示头部及恢复的函数
d	paste contents of clipboard at current seek	在当前 seek 处粘贴剪贴板内容
d	paste contents of clipboard to 0x3344	将剪贴板内容粘贴到 0x3344
d	peek from random position	从随机位置窥视
d	peek some from random position	从随机位置窥视一些内容
d	peek word of N bytes from popped address	从弹出的地址窥视 N 字节的字
d	perform a table query on strings listing	对字符串列表执行表查询
d	perform binary operation (dump, resize, change sections, ...)	执行二进制操作（转储、调整大小、更改段等）
d	perform deeper analysis, most common use	执行更深入的分析，最常见的用法
d	perform emulated debugger step	执行模拟调试器单步
d	perform sdb query	执行 sdb 查询
d	perform sdb query on ESIL.info	在 ESIL.info 上执行 sdb 查询
d	perform syscall/ queries	执行 syscall/ 查询
d	perform zoom to the given text width on the buffer	将缓冲缩放至给定文本宽度
d	performs a modification on current opcode	对当前操作码执行修改
d	pid of children (only in debug)	子进程的 pid（仅在调试中）
d	pin current function (set/unset/list pinned functions)	固定（pin）当前函数（设置/取消/列出固定函数）
d	pin using emoji or emoji name	使用 emoji 或 emoji 名称进行 pin
d	pipe output of command to file	将命令输出管道到文件
d	pipe output of command to file in HTML	以 HTML 将命令输出管道到文件
d	pipe output of command to program	将命令输出管道到程序
d	pipe output to command (pd|less) (.dr*)	将输出管道到命令（pd|less）（.dr*）
d	pipe through multiple system programs	通过多个系统程序进行管道传递
d	plaintext summary of args at call [addr]	调用 [addr] 处参数的纯文本摘要
d	pointer read/write data/values (see ?v, wx, wv)	指针读写数据/值（见 ?v、wx、wv）
d	pointer reference (2, 4 or 8 bytes)	指针引用（2、4 或 8 字节）
d	poke some at random position	在随机位置写入一些内容
d	pop	弹出
d	pop (discard) last write cache layer	弹出（丢弃）最后一个写缓存层
d	pop dir off top of stack and cd to it	弹出栈顶目录并 cd 到它
d	pop last register arena	弹出最后一个寄存器 arena
d	pop register state	弹出寄存器状态
d	pop to the previous flagspace	弹出到上一个标志空间
d	pop to the previous metaspace	弹出到上一个元空间
d	pop to the previous zignspace	弹出到上一个 zignspace
d	pops twice, compare and update esil flags	弹出两次，比较并更新 esil 标志
d	posix shell aliases only	仅 posix shell 别名
d	prefix for posix shells like exit and export	posix shell 的前缀，如 exit 和 export
d	prefix form of the temporary seek (@addr@'cmd for raw calls)	临时定位的前缀形式（@addr@'cmd 用于原始调用）
d	print 'wx' r2 commands	打印 'wx' r2 命令
d	print 1 byte in memory	打印内存中的 1 字节
d	print 16bit wide string	打印 16 位宽字符串
d	print 2 bytes in memory	打印内存中的 2 字节
d	print 3 times the following format (bifc)	将以下格式打印 3 次（bifc）
d	print 32bit wide string	打印 32 位宽字符串
d	print 3D stereogram image of current block	打印当前块的 3D 立体图图像
d	print 4 bytes in memory	打印内存中的 4 字节
d	print 4 or 8 bytes depending on asm.bits	根据 asm.bits 打印 4 或 8 字节
d	print 8 bytes in memory	打印内存中的 8 字节
d	print BEAT time (Swatch Internet Time)	打印 BEAT 时间（Swatch 互联网时间）
d	print DOS time (32 bit `cfg.bigendian`) Since January 1, 1980	打印 DOS 时间（32 位 `cfg.bigendian`）自 1980 年 1 月 1 日起
d	print ESIL expression from hexpairs	从十六进制对打印 ESIL 表达式
d	print ESIL expression of the given assembly expression	打印给定汇编表达式的 ESIL 表达式
d	print HFS time (32 bit `cfg.bigendian`) Since January 1, 1904	打印 HFS 时间（32 位 `cfg.bigendian`）自 1904 年 1 月 1 日起
d	print JSON path from 0 to the current offset	打印从 0 到当前偏移的 JSON 路径
d	print N instructions in JSON	以 JSON 打印 N 条指令
d	print N instructions/bytes (f=func)	打印 N 条指令/字节（f=函数）
d	print N raw bytes (in lines or hexblocks, 'g'unzip)	打印 N 个原始字节（按行或十六进制块，'g' 解压）
d	print N url encoded bytes (w=wide)	打印 N 个 url 编码字节（w=宽）
d	print NTFS time (64 bit `cfg.bigendian`) Since January 1, 1601	打印 NTFS 时间（64 位 `cfg.bigendian`）自 1601 年 1 月 1 日起
d	print QR code with current string in current offset	以当前偏移处的当前字符串打印 QR 码
d	print QR code with the current 32 bytes	以当前 32 字节打印 QR 码
d	print QR code with the first Nbytes	以前 N 字节打印 QR 码
d	print UNIX time (32 bit `cfg.bigendian`) Since January 1, 1970	打印 UNIX 时间（32 位 `cfg.bigendian`）自 1970 年 1 月 1 日起
d	print a message	打印一条消息
d	print a size 10 array of the xiz struct with its field names	打印 xiz 结构体的大小为 10 的数组及其字段名
d	print all calls from this function	打印此函数的所有调用
d	print all calls from this function in JSON format	以 JSON 格式打印此函数的所有调用
d	print all possible opcodes (byte per byte)	打印所有可能的操作码（逐字节）
d	print all values of enum for given name	打印给定名称的枚举的所有值
d	print an array of 4 words and then an array of 7 integers	打印一个 4 个字的数组，然后是一个 7 个整数的数组
d	print an array with sqw struct along with its field names	打印 sqw 结构体的数组及其字段名
d	print an fixed size str, widechar, and var	打印固定大小的 str、widechar 和 var
d	print any type of string (psp/psw/psW/psz/..)	打印任何类型的字符串（psp/psw/psW/psz/..）
d	print as indented JSON	打印为缩进的 JSON
d	print as indented JSON from 0 to the current offset	打印从 0 到当前偏移的缩进 JSON
d	print asn1, pkcs7 or x509	打印 asn1、pkcs7 或 x509
d	print assembly expression from hexpairs (alias for pdx, pix)	从十六进制对打印汇编表达式（pdx、pix 的别名）
d	print assembly expression from hexpairs and show hexpairs	从十六进制对打印汇编表达式并显示十六进制对
d	print buffer filled with 0xff	打印填充 0xff 的缓冲区
d	print buffer filled with zeros	打印填充零的缓冲区
d	print bytes as colors in palette	以调色板颜色打印字节
d	print bytes based on asm.bits	根据 asm.bits 打印字节
d	print bytes of current block in bars	以条形打印当前块的字节
d	print clipboard (yp) run python script (py:file) oneliner `py print(1)` or stdin slurp `py-`	打印剪贴板（yp）运行 python 脚本（py:file）单行 `py print(1)` 或 stdin 输入 `py-`
d	print contents of clipboard	打印剪贴板内容
d	print contents of clipboard as string	以字符串打印剪贴板内容
d	print contents of clipboard in hexadecimal	以十六进制打印剪贴板内容
d	print contents of clipboard in hexpairs	以十六进制对打印剪贴板内容
d	print current address	打印当前地址
d	print current address with N padded zeros (defaults to 8)	打印当前地址并填充 N 个零（默认为 8）
d	print current basic block information	打印当前基本块信息
d	print current block as indented JSON	将当前块打印为缩进 JSON
d	print current block with format and length	以格式与长度打印当前块
d	print current time	打印当前时间
d	print debruijn pattern (see ragg2 -P, -q and wopD)	打印 debruijn 模式（参见 ragg2 -P、-q 和 wopD）
d	print decompressed xz block	打印解压的 xz 块
d	print different timestamps	打印不同的时间戳
d	print disasm summary, showing referenced names	打印反汇编摘要，显示引用的名称
d	print disassembly in columns (see hex.cols and pdi)	按列打印反汇编（参见 hex.cols 和 pdi）
d	print esil of N bytes	打印 N 字节的 esil
d	print esil of N instructions	打印 N 条指令的 esil
d	print esil of all the function basic blocks	打印函数所有基本块的 esil
d	print esil of the instructions found in N bytes	打印 N 字节中找到的指令的 esil
d	print flags and comments r2 commands for all the strings	为所有字符串打印标志和注释 r2 命令
d	print formatted bitfield in ascii art	以 ascii art 打印格式化的位域
d	print formatted bitfields	打印格式化的位域
d	print formatted data (pf.name, pf.name $<expr>)	打印格式化数据（pf.name、pf.name $<expr>）
d	print function instructions	打印函数指令
d	print function signature filling the values from current reg and stack state	从当前寄存器和栈状态填充值打印函数签名
d	print functions map	打印函数映射
d	print gunzipped data of current block	打印当前块的 gunzip 数据
d	print hexpairs honoring hex.cols	遵循 hex.cols 打印十六进制对
d	print hexpairs in JSON array	以 JSON 数组打印十六进制对
d	print hexpairs of basic block	打印基本块的十六进制对
d	print hexpairs of function (linear)	打印函数的十六进制对（线性）
d	print hexpairs of the given assembly expression	打印给定汇编表达式的十六进制对
d	print hexpairs string	打印十六进制对字符串
d	print in JSON commands what's been yanked	以 JSON 命令打印已 yank 的内容
d	print in r2 commands what's been yanked	以 r2 命令打印已 yank 的内容
d	print incremental byte pattern (honors lower bits of current address and block size)	打印增量字节模式（遵循当前地址和块大小的低位）
d	print incremental dword pattern	打印增量双字模式
d	print incremental qword pattern	打印增量四字模式
d	print incremental word pattern	打印增量字模式
d	print inheritance ascii graph	打印继承 ascii 图
d	print instructions	打印指令
d	print instructions of basic block	打印基本块的指令
d	print instructions of function	打印函数的指令
d	print inverted QR code	打印反转的 QR 码
d	print key in randomart	以 randomart 打印密钥
d	print key in randomart whole-screen mosaic	以 randomart 全屏马赛克打印密钥
d	print latin alphabet patterns (lowercase/uppercase)	打印拉丁字母模式（小写/大写）
d	print libc++ std::string (same-endian, ascii, zero-terminated)	打印 libc++ std::string（同字节序、ascii、零终止）
d	print libmagic data (see pm? and /m?)	打印 libmagic 数据（参见 pm? 和 /m?）
d	print linear function byte:mask pattern (zero-filled bbgaps)	打印线性函数字节:掩码模式（零填充 bbgaps）
d	print list of data (pl Ffvc)	打印数据列表（pl Ffvc）
d	print loaded struct types	打印已加载的结构体类型
d	print loaded union types	打印已加载的联合体类型
d	print nested anonymous structures	打印嵌套匿名结构
d	print nibble bits as colors in palette	以调色板颜色打印半字节位
d	print nibbles as colors in palette	以调色板颜色打印半字节
d	print numeric pin patterns	打印数字 pin 模式
d	print operation applied to block (see po?)	打印应用于块的操作（参见 po?）
d	print output of 'ls' and grep for 'txt'	打印 'ls' 的输出并过滤 'txt'
d	print pascal string	打印 pascal 字符串
d	print pascal/wide/zero-terminated strings	打印 pascal/宽/零终止字符串
d	print patterns, (see pp?)	打印模式，（参见 pp?）
d	print r2 commands addings comments for each string reference	打印为每个字符串引用添加注释的 r2 命令
d	print r2 commands creating flags for each register inside the arena offset	打印为 arena 偏移内每个寄存器创建标志的 r2 命令
d	print raw GUNZIPped block	打印原始 GUNZIP 块
d	print raw deflate decompressed data (no ZLIB headers)	打印原始 deflate 解压数据（无 ZLIB 头）
d	print raw image, 1bit image, honor hex.cols	打印原始图像，1 位图像，遵循 hex.cols
d	print raw with lines offsets	打印带行偏移的原始数据
d	print raw zero terminated string	打印原始零终止字符串
d	print recovered data as json	以 json 打印恢复的数据
d	print signed short (2 bytes) value. Use N instead of n for printing unsigned values	打印有符号短整型（2 字节）值。使用 N 代替 n 打印无符号值
d	print string constructed with immediates (Swift)	打印由立即数构造的字符串（Swift）
d	print string in screen (wrap width)	在屏幕中打印字符串（自动换行宽度）
d	print string inside curseek	打印 curseek 内的字符串
d	print string until a first non-printable character	打印字符串直到第一个非可打印字符
d	print string until newline	打印字符串直到换行
d	print strings in current block	打印当前块中的字符串
d	print table as r2 commands	以 r2 命令形式打印表
d	print table in csv format (comma comma)	以 csv 格式打印表 (逗号 逗号)
d	print table in json format	以 json 格式打印表
d	print the content at given offset with flag	打印给定偏移处带标志的内容
d	print the dominator tree as ASCII art	以 ASCII art 打印支配树
d	print the dominator tree as Graphviz dot	以 Graphviz dot 打印支配树
d	print the dominator tree as JSON	以 JSON 打印支配树
d	print the dyncc syntax reference; if the current function uses dyncc, also show its resolved expression and arg/ret homes	打印 dyncc 语法参考；如果当前函数使用 dyncc，还显示其解析后的表达式和参数/返回值位置
d	print the gadgets as r2 commands	以 r2 命令打印 gadget
d	print the iwq format with foo, bar, troll as the respective names for the fields	打印 iwq 格式，分别以 foo、bar、troll 作为字段名
d	print the mangled flag name using the raw name, see the ' command prefix	使用原始名称打印混淆后的标志名，参见 ' 命令前缀
d	print the pointers with given labels	打印带给定标签的指针
d	print the project script file (Like P*, but requires a project)	打印项目脚本文件（类似 P*，但需要项目）
d	print the size of (named) format in bytes	打印（命名）格式的大小（字节）
d	print them all	全部打印
d	print time stamps with labels troll and plop	打印带标签 troll 和 plop 的时间戳
d	print utf16 unicode (json)	打印 utf16 unicode（json）
d	print value as string (alias for ps)	以字符串打印值（ps 的别名）
d	print value located 4 bytes before current offset	打印位于当前偏移前 4 字节的值
d	print value located 6 bytes from current offset	打印距当前偏移 6 字节的值
d	print value with any endian (reorder bytes with the 1234 order)	打印任意字节序的值（按 1234 顺序重排字节）
d	print value(s) only for named format. Useful for one-liners	仅打印命名格式的值。对单行命令有用
d	print write commands to replicate the patches in the current cache layer	打印写命令以复制当前缓存层中的补丁
d	print zero-terminated string	打印零终止字符串
d	print zoom view (see pz?)	打印缩放视图（参见 pz?）
d	print, println, printf, printfln	print、println、printf、printfln
d	printable chars with real offset (hyew)	带真实偏移的可打印字符（hyew）
d	printn project script as r2 commands	以 r2 命令打印项目脚本
d	prints SHELL value	打印 SHELL 值
d	prints an array of structs	打印结构体数组
d	prints return type function(arg1, arg2...), see afij	打印返回类型 function(arg1, arg2...)，参见 afij
d	prioritize map with corresponding id	优先使用对应 id 的映射
d	prioritize maps of the bin associated with the binid	优先使用与 binid 关联的 bin 的映射
d	progress bar at 32 percentage	以 32% 显示进度条
d	project are stored in dir.projects	项目存储在 dir.projects 中
d	project management utilities	项目管理工具
d	prompt for number or Yes,No,Msg,Key,Path and store in $$?	提示输入数字或 Yes,No,Msg,Key,Path 并存入 $$?
d	propagate types for every function (aaft)	为每个函数传播类型（aaft）
d	proportional segments bar	比例分段条
d	propose name for current function (see anal.slow and 'aan')	为当前函数建议名称（参见 anal.slow 和 'aan'）
d	pseudo decompile function in current offset	伪反编译当前偏移处的函数
d	pseudo disassembler output in C-like syntax	以 C 类似语法输出伪反汇编
d	pseudo-decompile with C helpers around	带 C 辅助函数的伪反编译
d	pull logs from remote r2 instance specified by http.sync	从 http.sync 指定的远程 r2 实例拉取日志
d	push	压入
d	push a new io cache layer	压入新的 io 缓存层
d	push a new register arena for each type	为每种类型压入新的寄存器 arena
d	push previous flagspace and set	压入上一个标志空间并设置
d	push previous metaspace and set	压入上一个元空间并设置
d	push previous zignspace and set	压入上一个 zignspace 并设置
d	push register state	压入寄存器状态
d	put a breakpoint into every no-return function	在每个 no-return 函数中放置断点
d	quadword (8 bytes)	四字（8 字节）
d	query comma separated values	查询逗号分隔的值
d	query imports with table syntax	使用表语法查询导入
d	query stored gadget klass	查询已存储小工具类别
d	query/filter current table (non-destructive)	查询/过滤当前表 (非破坏性)
d	queue <cmd> to be executed later when possible	将 <cmd> 排队以便稍后尽可能执行
d	quiet C (include-friendly)	静默 C（对 include 友好）
d	quiet output (one file per line)	静默输出（每行一个文件）
d	quiet plaintext (stripped symbol, no arg names or raw)	静默纯文本（剥离符号，无参数名或原始）
d	quiet print format (do now show address)	静默打印格式（不显示地址）
d	quiet yara	静默 yara
d	quit program	退出程序
d	quit program with a return value	以返回值退出程序
d	quit with return value 1	以返回值 1 退出
d	quit with return value a-b	以返回值 a-b 退出
d	quit, chose to kill process, chose to save project	退出，选择杀死进程，选择保存项目
d	quit, chose to kill process, chose to save project 	退出，选择杀死进程，选择保存项目
d	quote to not evaluate special chars	引用以不评估特殊字符
d	r2 commands	r2 命令
d	random bytes (alias for 'wr $b')	随机字节（'wr $b' 的别名）
d	re-apply snapshot	重新应用快照
d	read but never written	读取但从未写入
d	read byte at given address	读取给定地址的字节
d	read bytes from fd into (char*)addr	从 fd 读取字节到 (char*)addr
d	read from stdin until ^D	从 stdin 读取直到 ^D
d	read trace sessions from disk	从磁盘读取跟踪会话
d	rebase all flags, bin.info, breakpoints and analysis	重定位所有标志、bin.info、断点和分析
d	rebase current bin object	重定位当前 bin 对象
d	reconstruct all functions in r2 commands	以 r2 命令重建所有函数
d	recover class info from all findable RTTI (see ac)	从所有可找到的 RTTI 恢复类信息（参见 ac）
d	recursive disassemble across the function graph	跨函数图递归反汇编
d	recursive disassemble across the function graph (from current basic block)	跨函数图递归反汇编（从当前基本块）
d	recursive disassemble block size bytes without analyzing functions	递归反汇编块大小字节而不分析函数
d	recursive help for the given cmd	对给定命令的递归帮助
d	recursive remove	递归移除
d	recursively scan FLIRT files (glob pattern)	递归扫描 FLIRT 文件（glob 模式）
d	redirect STDERR of 'cmd' to 'file'	将 'cmd' 的标准错误重定向到 'file'
d	redirect STDOUT of 'cmd' to 'file'	将 'cmd' 的标准输出重定向到 'file'
d	redirect html output of 'cmd' to 'file'	将 'cmd' 的 html 输出重定向到 'file'
d	redo seek	重做 seek
d	redo undone change (TODO)	重做已撤销的更改（TODO）
d	references graph	引用图
d	refine the analysis to find more functions after aaaa	在 aaaa 之后细化分析以找到更多函数
d	register new file:line source details, r2 will slurp the line	注册新的 file:line 源详情，r2 将读取该行
d	register new source details for given address using base64	使用 base64 为给定地址注册新的源详情
d	register telescoping using the calling conventions order	使用调用约定顺序注册 telescoping
d	register values read	读取的寄存器值
d	registers written	写入的寄存器
d	related to conditional flag registers	与条件标志寄存器相关
d	reload current theme	重新加载当前主题
d	reload the current buffer for setting of the bin (use once only)	重新加载当前缓冲区以设置 bin（仅使用一次）
d	relocate all flags matching from&~m	重定位所有匹配 from&~m 的标志
d	relocate current map	重定位当前映射
d	relocate map with corresponding id	重定位对应 id 的映射
d	remote commands:	远程命令:
d	remove a node with title "title1"	移除标题为 "title1" 的节点
d	remove all annotations for current file	移除当前文件的所有注释
d	remove all flagspaces	移除所有标志空间
d	remove all flagzones	移除所有标志区
d	remove all highlights on current instruction	移除当前指令上的所有高亮
d	remove all hints	移除所有提示
d	remove all hosts or host 'fd'	移除所有主机或主机 'fd'
d	remove all maps	移除所有映射
d	remove all metaspaces	移除所有元空间
d	remove all no-return references	移除所有 no-return 引用
d	remove all or given var	移除所有或给定变量
d	remove all pins	移除所有 pin
d	remove all the cached codeline information	移除所有缓存的代码行信息
d	remove all the gadgets	移除所有 gadget
d	remove all the highlight hints	移除所有高亮提示
d	remove all type analysis annotations in the current metaspace	移除当前元空间中的所有类型分析注释
d	remove all types	移除所有类型
d	remove an edge from the node with "title1" as title to the one with title "title2"	从标题为 "title1" 的节点到标题为 "title2" 的节点移除边
d	remove an import matching name (and optionally libname)	移除匹配名称的导入（可选 libname）
d	remove annotations for current function	移除当前函数的注释
d	remove breakpoint at address (or all breakpoints*)	移除地址处的断点（或所有断点*）
d	remove breakpoint by index	按索引移除断点
d	remove breakpoint on every return address of the function	移除函数每个返回地址上的断点
d	remove color from current offset	从当前偏移移除颜色
d	remove color from given flag	从给定标志移除颜色
d	remove comment at given address	移除给定地址处的注释
d	remove conditional operation from branch (make it unconditional)	从分支移除条件操作（使其无条件）
d	remove file	移除文件
d	remove flag 'name'	移除标志 'name'
d	remove flag at address expression (same as f-$$ or f-0x..)	移除地址表达式处的标志（与 f-$$ 或 f-0x.. 相同）
d	remove flagspace	移除标志空间
d	remove hints at given offset (ah-$$ for current instruction)	移除给定偏移处的提示（当前指令用 ah-$$）
d	remove metaspace	移除元空间
d	remove num bytes, move following data down	移除 num 字节，将后续数据下移
d	remove pin	移除 pin
d	remove pin command	移除 pin 命令
d	remove some no-return references	移除一些 no-return 引用
d	remove string	移除字符串
d	remove the annotation at the current or specified address	移除当前或指定地址处的注释
d	remove the current flagspace	移除当前标志空间
d	remove the map with corresponding id	移除对应 id 的映射
d	remove the math flagzone	移除 math 标志区
d	remove this import from current function	从当前函数移除此导入
d	remove write op at curseek or given addr	移除 curseek 或给定地址处的写操作
d	removes the autocomplete value	移除自动补全值
d	rename a flagspace	重命名标志空间
d	rename argument/local	重命名参数/局部变量
d	rename class	重命名类
d	rename flag (if no new flag current seek one is used)	重命名标志（如果没有新标志则使用当前 seek 的）
d	rename method	重命名方法
d	rename name for function at address (change flag too)	重命名地址处函数的名称（也更改标志）
d	rename selected flagspace	重命名选定的标志空间
d	rename selected metaspace	重命名选定的元空间
d	rename selected zignspace	重命名选定的 zignspace
d	rename the function (name can start with base64:)	重命名函数（名称可以以 base64: 开头）
d	render markdown file as text	将 markdown 文件渲染为文本
d	render pie chart with portions and  (e hex.cols for size)	按份额渲染饼图，并使用（e hex.cols 控制大小）
d	render the type xrefs graph (usage .txg;aggv)	渲染类型交叉引用图（用法 .txg;aggv）
d	reopen bin info without reloading the file	重新打开 bin 信息而不重新加载文件
d	reopen core with current file	使用当前文件重新打开 core
d	reopen current file	重新打开当前文件
d	reopen current file (see oo?) (reload in rw or debugger)	重新打开当前文件（参见 oo?）（以 rw 或调试器重新加载）
d	reopen in debug mode	以调试模式重新打开
d	reopen in debug mode (with args)	以调试模式重新打开（带参数）
d	reopen in debug mode from file (alias for 'oodf')	从文件以调试模式重新打开（'oodf' 的别名）
d	reopen in debug mode using the given file	使用给定文件以调试模式重新打开
d	reopen in debug mode with args (alias for 'ood')	带参数以调试模式重新打开（'ood' 的别名）
d	reopen in malloc://	在 malloc:// 中重新打开
d	reopen in read-write	以读写方式重新打开
d	reopen in read-write mode without loading rbin info	以读写模式重新打开而不加载 rbin 信息
d	reopen in read-write mode without loading rbin info, but with	以读写模式重新打开而不加载 rbin 信息，但带
d	reopen loading rbin info (change base address?)	重新打开并加载 rbin 信息（更改基地址？）
d	reopen without loading rbin info	重新打开而不加载 rbin 信息
d	reopen without loading rbin info, but with header flags	重新打开而不加载 rbin 信息，但带头部标志
d	reorder map by fd	按 fd 重新排序映射
d	reorder map down with corresponding id	将对应 id 的映射向下重新排序
d	reorder map priority	重新排序映射优先级
d	reorder to the lower position the map with the given fd	将具有给定 fd 的映射重新排序到较低位置
d	repeat last command backward	向后重复上一条命令
d	repeat last command forward (same as \n)	向前重复上一条命令 (与 \n 相同)
d	repeat last search	重复上次搜索
d	repeat n times	重复 n 次
d	replace opcode string	替换操作码字符串
d	replace output of command inside the line	在行内替换命令输出
d	reset all color flags	重置所有颜色标志
d	reset config vars	重置配置变量
d	reset console settings (clear --hard)	重置控制台设置（clear --hard）
d	reset js vm (same as #!!)	重置 js vm（与 #!! 相同）
d	reset r_egg	重置 r_egg
d	reset register arenas to 0	将寄存器 arena 重置为 0
d	reset rlang session context (see js!)	重置 rlang 会话上下文（参见 js!）
d	reset skip or cont options for given signal	重置给定信号的 skip 或 cont 选项
d	reset table	重置表
d	reset traces (instruction/calls)	重置跟踪（指令/调用）
d	reset undo seek history	重置撤销 seek 历史
d	resets the enumerator counter	重置枚举计数器
d	resize and analyze function from current address until 0x100004093	从当前地址调整大小并分析函数直到 0x100004093
d	resize and analyze function from current address until addr	从当前地址调整大小并分析函数直到 addr
d	resize file	调整文件大小
d	resolve enum bitfield (see t?)	解析枚举位域（参见 t?）
d	resolve enum name (see t?)	解析枚举名称（参见 t?）
d	restore checkpoint by id and switch to live branch mode	按 id 恢复检查点并切换到活动分支模式
d	restore memory snapshot	恢复内存快照
d	ret	返回
d	return flag+delta	返回标志+增量
d	return list of base pointer based arguments, locals in JSON format	以 JSON 格式返回基于基指针的参数、局部变量列表
d	return list of register arguments in JSON format	以 JSON 格式返回寄存器参数列表
d	return list of stack based arguments and locals in JSON format	以 JSON 格式返回基于栈的参数和局部变量列表
d	returns boolean value of a <= b <= c	返回 a <= b <= c 的布尔值
d	returns the hexadecimal value numeric expr	返回数值表达式的十六进制值
d	returns the hexpair of number or string	返回数值或字符串的十六进制对
d	returns the length of string ('q' for quiet, just set $?)	返回字符串长度（'q' 为静默，仅设置 $?）
d	returns the name of the syscall number 4	返回系统调用号 4 的名称
d	returns the syscall number for close	返回 close 的系统调用号
d	returns the time to run a command	返回运行命令的耗时
d	reverse (swap) conditional branch instruction	反转（交换）条件分支指令
d	reverse call order (useful for afna and noret, also see afba)	反转调用顺序（对 afna 和 noret 有用，另见 afba）
d	reverse the lines (like the `tac` tool)	反转行序（类似 `tac` 工具）
d	revert all writes in the cache	还原缓存中的所有写入
d	revert to previous snapshot	恢复到上一个快照
d	rewind 1 byte	回退 1 字节
d	rewind 4 bytes	回退 4 字节
d	run '?e' command and show the result stats in json	运行 '?e' 命令并以 json 显示结果统计
d	run 'C*' command and interpret the printed commands	运行 'C*' 命令并解释执行打印出的命令
d	run 'aep ret0@@@i' and then 'aaep' - all unknown imports are faked to return 0	运行 'aep ret0@@@i' 然后 'aaep' - 所有未知导入被伪造为返回 0
d	run 'cmd' command on remote server	在远程服务器运行 'cmd' 命令
d	run <cmd> in a new background task (alias for 'bg')	在新后台任务中运行 <cmd> ('bg' 的别名)
d	run <cmd> in a new transient background task (auto-delete when it is finished)	在新临时后台任务中运行 <cmd> (完成后自动删除)
d	run N esil instructions + esil.dumpstack	运行 N 条 esil 指令 + esil.dumpstack
d	run a command implemented by an analysis plugin (like : for io)	运行由分析插件实现的命令（如 : 用于 io）
d	run a command on every [type] (see @@@? for help)	对每个 [type] 运行命令（帮助见 @@@?）
d	run a command using the json syntax for r2pipe2	以 r2pipe2 的 json 语法运行命令
d	run a command without evaluating any special chars (see ?')	运行命令且不评估任何特殊字符（见 ?'）
d	run an io command (same as =!)	运行 io 命令（同 =!）
d	run cmd alias or print data alias	运行命令别名或打印数据别名
d	run cmd if $? != 0	若 $? != 0 则运行命令
d	run cmd if $? < 0	若 $? < 0 则运行命令
d	run cmd if $? == 0	若 $? == 0 则运行命令
d	run cmd if $? > 0	若 $? > 0 则运行命令
d	run command and indent it as json like (cmd~{})	运行命令并将其缩进为类似 json（cmd~{}）
d	run command at breakpoint index	在断点索引处运行命令
d	run command if condition matches, otherwise run optional else command	条件匹配则运行命令，否则运行可选的 else 命令
d	run command output as r2 script	将命令输出作为 r2 脚本运行
d	run command via r_io_system	通过 r_io_system 运行命令
d	run command when breakpoint is hit (dbC, continue after hit)	命中断点时运行命令（dbC，命中后继续）
d	run custom debug plugin command	运行自定义调试插件命令
d	run each output line as a r2 cmd	将每行输出作为 r2 命令运行
d	run given command as in system(3)	如同 system(3) 运行给定命令
d	run given javascript expression ('expr' can start with base64:)	运行给定的 javascript 表达式（'expr' 可以以 base64: 开头）
d	run macro 'foo' with args 1, 2, 3	使用参数 1, 2, 3 运行宏 'foo'
d	run program with arguments inside an r2pipe environment	在 r2pipe 环境中带参数运行程序
d	run project note commands	运行项目笔记命令
d	run pseudo-decompiler plugin command (pdg is now pd:g, ..)	运行伪反编译器插件命令（pdg 现为 pd:g，..）
d	run r2 command via r2pipe in current session	在当前会话通过 r2pipe 运行 r2 命令
d	run r2pm's main	运行 r2pm 的 main
d	run rabin2's main	运行 rabin2 的 main
d	run radare2's main	运行 radare2 的 main
d	run radiff2's main	运行 radiff2 的 main
d	run rafind2's main	运行 rafind2 的 main
d	run rafs2's main	运行 rafs2 的 main
d	run rahash2's main	运行 rahash2 的 main
d	run rasm2's main	运行 rasm2 的 main
d	run ravc2's main	运行 ravc2 的 main
d	run rax2's main	运行 rax2 的 main
d	run rbinplugin specific commands	运行 rbinplugin 专用命令
d	run the command on every flag matching 'hit*'	对每个匹配 'hit*' 的标志运行命令
d	run the given command to replace SZ bytes in the disasm	运行给定命令以替换反汇编中的 SZ 字节
d	run the given expression with lang plugin	使用语言插件运行给定表达式
d	run the given line and update $?	运行给定行并更新 $?
d	run the output lines of a command as quoted commands	将命令的输出行作为带引号的命令运行
d	run the output of the execution of a script as r2 commands	将脚本执行的输出作为 r2 命令运行
d	run the previous command appending a word on each iteration	每次迭代追加一个词运行上一条命令
d	run the previous command at offsets 1, 2 and 3	在偏移 1、2、3 处运行上一条命令
d	same as !jq	与 !jq 相同
d	same as #!lua	与 #!lua 相同
d	same as #!pipe open cfg.editor and interpret tmp file	与 #!pipe 打开 cfg.editor 并解释执行临时文件相同
d	same as $FB	与 $FB 相同
d	same as '? num' but in JSON	同 '? num' 但以 JSON 输出
d	same as 'P [prjname]' to load a project	与 'P [prjname]' 相同, 用于加载项目
d	same as 'b 32'	与 'b 32' 相同
d	same as 'e a=b' but without using a space	与 'e a=b' 相同但不使用空格
d	same as 'f' but as a JSON array	与 'f' 相同但为 JSON 数组
d	same as 'f' but as r2 commands	与 'f' 相同但为 r2 命令
d	same as 'f' but quiet	与 'f' 相同但静默
d	same as 'omb id' but using its name	与 'omb id' 相同但使用其名称
d	same as 'ph md5' (colon acts as a space)	与 'ph md5' 相同（冒号充当空格）
d	same as 'tx type'	与 'tx type' 相同
d	same as 'wao', but seeks forward after writing	与 'wao' 相同，但写入后向前 seek
d	same as 'wc*' but for all the cache layers	与 'wc*' 相同但针对所有缓存层
d	same as -V	与 -V 相同
d	same as . [file], to run a script	与 . [file] 相同, 用于运行脚本
d	same as .dmi* - import all symbols from given lib as flags	与 .dmi* 相同 - 将给定库的所有符号作为标志导入
d	same as /aa, but case-sensitive	与 /aa 相同，但区分大小写
d	same as /agg find the path between two addresses across functions and basic blocks	与 /agg 相同，跨函数和基本块查找两个地址之间的路径
d	same as /o, but with a different fallback if anal cannot be used	与 /o 相同, 但若无法使用 anal 则采用不同回退
d	same as Lo (or r2 -L)	与 Lo 相同 (或 r2 -L)
d	same as `afl,noret/eq/1`	与 `afl,noret/eq/1` 相同
d	same as `om` but checks for existance (u stands for uniq)	与 `om` 相同但检查存在性（u 代表 uniq）
d	same as `touch [file]`	与 `touch [file]` 相同
d	same as a* but in json (aflj)	与 a* 相同但为 json（aflj）
d	same as aaF but uses af instead of af+/afb+ (slower but more accurate)	与 aaF 相同但使用 af 而不是 af+/afb+（较慢但更准确）
d	same as aaa but adds a bunch of experimental iterations	与 aaa 相同但添加一堆实验性迭代
d	same as aav, but in quiet mode	与 aav 相同，但为静默模式
d	same as above	与上面相同
d	same as above + optional comment	与上面相同 + 可选注释
d	same as above but for flag/fcn names	与上面相同但用于标志/函数名
d	same as above but from a string	同上但从字符串
d	same as above but hiding the offset	与上面相同但隐藏偏移
d	same as above but in JSON	与上面相同但为 JSON
d	same as above but in JSON format	与上面相同但为 JSON 格式
d	same as above but in JSON format (See dir.source to change the path to find the referenced lines)	与上面相同但为 JSON 格式（参见 dir.source 更改查找引用行的路径）
d	same as above but in json format	与上面相同但为 json 格式
d	same as above but in r2 commands format	与上面相同但为 r2 命令格式
d	same as above but in r2 commands syntax	与上面相同但为 r2 命令语法
d	same as above but show the ones not matching	与上面相同但显示不匹配的
d	same as above but using alias files	与上面相同但使用别名文件
d	same as above but using json as output	与上述相同，但使用 json 作为输出
d	same as above but using ut16 as length (honors cfg.bigendian)	与上面相同但使用 ut16 作为长度（遵循 cfg.bigendian）
d	same as above but without displaying the instruction address	与上面相同但不显示指令地址
d	same as above, but considered as a union (all fields at offset 0)	与上面相同，但被视为联合体（所有字段在偏移 0）
d	same as above, but in 16 base	同上但以 16 进制
d	same as above, but in JSON format	与上面相同，但为 JSON 格式
d	same as above, but in one line	与上面相同，但在一行中
d	same as above, but in r2 commands	与上面相同，但为 r2 命令
d	same as above, but one per line	与上面相同，但每行一个
d	same as above, but one per line (q=quiet)	与上面相同，但每行一个（q=静默）
d	same as above, but only showing different lines	与上面相同，但仅显示不同的行
d	same as above, but separated by 2 unused bits	与上面相同，但由 2 个未使用位分隔
d	same as above, but using anal.depth=1	与上面相同，但使用 anal.depth=1
d	same as above, but using r2 commands	与上面相同，但使用 r2 命令
d	same as above, the + sign is ignored	与上面相同，+ 号被忽略
d	same as above, you can use digits and dot	与上面相同，你可以使用数字和点
d	same as aeim@e:esil.stack.addr=0x10000	与 aeim@e:esil.stack.addr=0x10000 相同
d	same as aepa@@@i - define anal pins by import flag names	与 aepa@@@i 相同 - 通过导入标志名定义 anal pin
d	same as afl*;ah*;ax*	与 afl*;ah*;ax* 相同
d	same as aflm, but listing calls once (uniq filter)	与 aflm 相同，但列出调用一次（uniq 过滤）
d	same as afs without the error message	与 afs 相同但无错误消息
d	same as afsq, silent at function entry	与 afsq 相同，在函数入口处静默
d	same as afvb but in r2 commands	与 afvb 相同但为 r2 命令
d	same as afvr but in r2 commands	与 afvr 相同但为 r2 命令
d	same as afvs but in r2 commands	与 afvs 相同但为 r2 命令
d	same as aoml, list all opcodes	与 aoml 相同，列出所有操作码
d	same as axf, but prints as r2 commands	与 axf 相同，但打印为 r2 命令
d	same as axt, but prints as r2 commands	与 axt 相同，但打印为 r2 命令
d	same as c, but printing r2 commands instead	与 c 相同，但改为打印 r2 命令
d	same as c, with JSON output	与 c 相同，带 JSON 输出
d	same as cat file~.. (or less)	与 cat file~.. 相同（或 less）
d	same as dbg.baddr, progam base address	与 dbg.baddr 相同，程序基地址
d	same as dor ..;ood	与 dor ..;ood 相同
d	same as dp. just show the current process id	与 dp 相同。仅显示当前进程 id
d	same as dr?`drp~=[0]+` # list all reg roles alias names and values	与 dr?`drp~=[0]+` 相同 # 列出所有寄存器角色别名和值
d	same as e or r2 -e	与 e 或 r2 -e 相同
d	same as fD but output is in json	与 fD 相同但输出为 json
d	same as fc.	与 fc. 相同
d	same as iL or Li	与 iL 或 Li 相同
d	same as j:cmd	同 j:cmd
d	same as js: (see js?)	与 js: 相同 (见 js?)
d	same as ll (list files with details)	与 ll 相同（列出文件及详情）
d	same as ls -l	与 ls -l 相同
d	same as ls -r	与 ls -r 相同
d	same as obm, but deletes the current binfile	与 obm 相同，但删除当前 binfile
d	same as onn, but unique, will return previos fd if already opened	与 onn 相同，但唯一，如果已打开则返回之前的 fd
d	same as pc* or p8*, print r2 commands as in hexdump	与 pc* 或 p8* 相同，像十六进制转储一样打印 r2 命令
d	same as pfb but in json output	与 pfb 相同但为 json 输出
d	same as pfb, but for debugging reasons	与 pfb 相同，但用于调试原因
d	same as pfb, but quieter oneliner	与 pfb 相同，但更静默的单行
d	same as pfb, but using C syntax	与 pfb 相同，但使用 C 语法
d	same as q!!	与 q!! 相同
d	same as r2 -A or aaa	与 r2 -A 或 aaa 相同
d	same as r2 -E or 'ed'	与 r2 -E 或 'ed' 相同
d	same as r2 -H	与 r2 -H 相同
d	same as r2 -a x86 or e asm.arch=x86	与 r2 -a x86 或 e asm.arch=x86 相同
d	same as r2 -b or e asm.bits	与 r2 -b 或 e asm.bits 相同
d	same as r2 -e asm.cpu=	与 r2 -e asm.cpu= 相同
d	same as r2 -k or e asm.os	与 r2 -k 或 e asm.os 相同
d	same as s-8, but shorter to type (see +? command)	与 s-8 相同, 但输入更短 (见 +? 命令)
d	same as txf	与 txf 相同
d	same as x/ in gdb (help x)	与 gdb 中的 x/ 相同（帮助 x）
d	same as: ab $$	与：ab $$ 相同
d	same in JSON	与 JSON 中相同
d	same subcommands as p=, using column bars instead of rows	与 p= 相同的子命令，使用列条而非行
d	same, but using ut32 (honors cfg.bigendian)	与上面相同，但使用 ut32（遵循 cfg.bigendian）
d	save command history to hist file	将命令历史保存到 hist 文件
d	save current layout with name test	保存名为 test 的当前布局
d	save project (same as Ps, but doesnt checks for changes)	保存项目（与 Ps 相同，但不检查更改）
d	save project (see dir.projects)	保存项目（参见 dir.projects）
d	save script file	保存脚本文件
d	save the output of the command as an alias (see $?)	将命令的输出保存为别名（见 $?）
d	save trace sessions to disk	将跟踪会话保存到磁盘
d	save zignatures to sdb file (merge if file exists)	将 zignature 保存到 sdb 文件（如果文件存在则合并）
d	scan FLIRT file (absolute path)	扫描 FLIRT 文件（绝对路径）
d	scan FLIRT file (relative to dir.flirt)	扫描 FLIRT 文件（相对于 dir.flirt）
d	scan for ARM/Thumb mode switches and create ahb hints	扫描 ARM/Thumb 模式切换并创建 ahb 提示
d	sdb key-value	sdb 键值
d	search all references or limit them to the given addresses	搜索所有引用或将其限制为给定地址
d	search assembly constructed strings (q)uiet reduces FP (uses bin.minsz)	搜索汇编构造的字符串（q）uiet 减少误报（使用 bin.minsz）
d	search backwards, command modifier, followed by other command	向后搜索, 命令修饰符, 后跟其他命令
d	search call references or limit them to the given addresses	搜索调用引用或将其限制为给定地址
d	search contents of file with offset and size	按偏移和大小搜索文件内容
d	search files by name in /foo path	在 /foo 路径中按名称搜索文件
d	search files by offset in /foo path	在 /foo 路径中按偏移搜索文件
d	search files for given filename or for offset	搜索文件以查找给定文件名或偏移
d	search for ASN1/DER certificates	搜索 ASN1/DER 证书
d	search for ASN1/DER private keys (RSA and ECC)	搜索 ASN1/DER 私钥（RSA 和 ECC）
d	search for GPG/PGP keys and signatures (Plaintext and binary form)	搜索 GPG/PGP 密钥和签名（明文和二进制形式）
d	search for ROP/COP/JOP gadgets matching given opstr	搜索匹配给定 opstr 的 ROP/COP/JOP 小工具
d	search for UDS CAN database tables (binbloom)	搜索 UDS CAN 数据库表（binbloom）
d	search for a deltified sequence of bytes	搜索差分字节序列
d	search for a private key matching a given public key	搜索与给定公钥匹配的私钥
d	search for an array of Value repeated Amount of times	搜索重复 Amount 次的值数组
d	search for an array of values with given size and endian	搜索具有给定大小和字节序的值数组
d	search for backward jumps (usually loops)	搜索向后跳转（通常是循环）
d	search for best match	搜索最佳匹配
d	search for bytes, regexps, patterns, ..	搜索字节、正则、模式等
d	search for code references	搜索代码引用
d	search for crypto materials	搜索加密材料
d	search for esil expressions matching substring	搜索匹配子串的 esil 表达式
d	search for first occurrence not matching, command modifier	搜索第一个不匹配的出现位置, 命令修饰符
d	search for function preludes	搜索函数前奏
d	search for given-family type of instructions	搜索给定家族类型的指令
d	search for hex string ignoring some nibbles	搜索忽略某些半字节的十六进制字符串
d	search for hex string with mask, ignoring some nibbles	使用掩码搜索十六进制字符串, 忽略某些半字节
d	search for infinite loop instructions (jmp $$)	搜索无限循环指令（jmp $$）
d	search for instruction 'instr' (in all offsets)	搜索指令 'instr'（在所有寻址地址中）
d	search for instruction of specific family (afl=list)	搜索特定家族的指令（afl=list）
d	search for instructions of given type	搜索给定类型的指令
d	search for keys expanded in memory (algo can be 'aes' or 'sm4')	搜索在内存中展开的密钥（algo 可以是 'aes' 或 'sm4'）
d	search for magic, filesystems or binary headers	搜索 magic, 文件系统或二进制头
d	search for n most similar functions to zigname	搜索与 zigname 最相似的 n 个函数
d	search for next occurrence of 'DATA' (see /?)	搜索 'DATA' 的下一次出现（参见 /?）
d	search for next occurrence of \x90\x91	搜索 \x90\x91 的下一次出现
d	search for pattern of given size	搜索给定大小的模式
d	search for specific instructions of specific mnemonic	搜索特定助记符的特定指令
d	search for string 'foo'	搜索字符串 'foo'
d	search for string 'foo' ignoring case	忽略大小写搜索字符串 'foo'
d	search for string 'foo' using Rabin Karp alg	使用 Rabin Karp 算法搜索字符串 'foo'
d	search for string 'foo\0'	搜索字符串 'foo\0'
d	search for string 'foo\0' (json output)	搜索字符串 'foo\0' (json 输出)
d	search for strings in the whole binary	在整个二进制文件中搜索字符串
d	search for strings of given size	搜索给定大小的字符串
d	search for syscalls (See /at swi and /af priv)	搜索系统调用（参见 /at swi 和 /af priv）
d	search for those bytes	搜索那些字节
d	search for vtables and try to parse RTTI at each of them	搜索 vtable 并尝试在每个 vtable 处解析 RTTI
d	search for vtables in data sections and show results	在数据段中搜索 vtable 并显示结果
d	search for wide string 'f\0o\0o\0'	搜索宽字符串 'f\0o\0o\0'
d	search for wide string 'f\0o\0o\0' (json output)	搜索宽字符串 'f\0o\0o\0'（json 输出）
d	search for wide string 'f\0o\0o\0' but ignoring case	搜索宽字符串 'f\0o\0o\0' 但忽略大小写
d	search for wide string 'f\0o\0o\0' but ignoring case (json output)	搜索宽字符串 'f\0o\0o\0' 但忽略大小写（json 输出）
d	search for wide string ignoring case 'f\0o\0o\0'	忽略大小写搜索宽字符串 'f\0o\0o\0'
d	search forwards, (command modifier)	向前搜索, (命令修饰符)
d	search in hexadecimal 'ABC' backwards starting in current address	以十六进制 'ABC' 从当前寻址地址开始向后搜索
d	search in hexpairs pattern in search.in	在 search.in 中搜索十六进制对串模式
d	search matching only the instruction mnemonic	仅匹配指令助记符
d	search possible base address	搜索可能的基地址
d	search previous prelude and set hit.prelude flag	搜索上一个前奏并设置 hit.prelude 标志
d	search references using esil or limit them to the given addresses	使用 esil 搜索引用或将其限制为给定地址
d	search similar blocks	搜索相似块
d	search with binary mask	使用二进制掩码搜索
d	search zignatures	搜索 zignature
d	search zignatures on range and flag matches	在范围上搜索 zignature 并标记匹配
d	search zignatures on range and output radare commands	在范围上搜索 zignature 并输出 radare 命令
d	section begin	节起始
d	section end address	节结束地址
d	section offset (alias for $SB)	节偏移量（$SB 的别名）
d	section size	节大小
d	sections (see Lh to list the hash algorithms supported)	段（参见 Lh 列出支持的哈希算法）
d	see 'cu'	参见 'cu'
d	see doc/dyncc.md for the full specification	完整规范参见 doc/dyncc.md
d	see the other 'e??prj.' evars for more options.	更多选项参见其他 'e??prj.' 环境变量。
d	seek begin (sg) or end (sG) of section or file	seek 到段或文件的开头（sg）或结尾（sG）
d	seek blocksize bytes backward (/=n)	向后 seek 块大小字节（/=n）
d	seek blocksize bytes forward (/=n)	向前 seek 块大小字节（/=n）
d	seek fd to offset (no offset = seek to beginning)	将 fd seek 到偏移（无偏移 = seek 到开头）
d	seek here, same as 's $$'	seek 到这里，与 's $$' 相同
d	seek honoring a base from core->addr	遵循 core->addr 的基址进行 seek
d	seek n bytes backward	向后 seek n 字节
d	seek n bytes forward	向前 seek n 字节
d	seek one block backward. Same as s-- (see `b` command)	向后定位一个块. 与 s-- 相同 (见 `b` 命令)
d	seek silently (without adding an entry to the seek history)	静默 seek（不向 seek 历史添加条目）
d	seek to N opcode(s) forward (or backward when N is negative), N=1 by default	向前 seek N 个操作码（N 为负时向后），默认 N=1
d	seek to absolute line	seek 到绝对行
d	seek to address	seek 到地址
d	seek to block-size aligned address (addr=$$ if not specified)	seek 到块大小对齐的地址（如果未指定则 addr=$$）
d	seek to comment matching given string	seek 到匹配给定字符串的注释
d	seek to function (f->addr+f->size)	seek 到函数（f->addr+f->size）
d	seek to function by name or address	按名称或地址 seek 到函数
d	seek to given address	定位到给定地址
d	seek to line	seek 到行
d	seek to next flag zone	seek 到下一个标志区
d	seek to next function (sfnp:prelude, sfnf:flag)	seek 到下一个函数（sfnp:前导，sfnf:标志）
d	seek to next function prelude	seek 到下一个函数前导
d	seek to next/prev location, as specified by scr.nkey	seek 到下一个/上一个位置，由 scr.nkey 指定
d	seek to prev function prelude	seek 到上一个函数前导
d	seek to previous flag zone	seek 到上一个标志区
d	seek to previous function (sfpp:prelude, sfpf:flag)	seek 到上一个函数（sfpp:前导，sfpf:标志）
d	seek to register (or register alias) value	seek 到寄存器（或寄存器别名）值
d	seek to relative line	seek 到相对行
d	seek to that flag zone by name	按名称 seek 到该标志区
d	seek to the address printed by the given command. same as '@ `cmd`'	定位到给定命令打印的地址，同 '@ `cmd`'
d	seek to the begining of the current function (same as 'sf.' or 's $FB'	seek 到当前函数的开头（与 'sf.' 或 's $FB' 相同）
d	seek to the beginning of current function	seek 到当前函数的开头
d	seek to the beginning of the basic block	seek 到基本块的开头
d	seek to the entrypoint of a function in partial address	在部分地址中 seek 到函数的入口点
d	seek to the first comment matching 'str'	seek 到第一个匹配 'str' 的注释
d	seek to the function prelude checking back blocksize bytes	回退块大小字节检查 seek 到函数前导
d	seek to the last/max address of a function	seek 到函数的最后/最大地址
d	seek to the nearest flag backwards (uses fd and ignored the delta)	向后 seek 到最近的标志（使用 fd 并忽略增量）
d	seek to the same address but replacing the lower nibbles	seek 到相同地址但替换低半字节
d	select a new debug handler plugin (see dbh)	选择新的调试处理程序插件（参见 dbh）
d	select a thread (change register profile and TLS map	选择线程（更改寄存器配置文件和 TLS 映射
d	select all bins (use 'ob bfid' to pick one)	选择所有 bin（使用 'ob bfid' 选择一个）
d	select all flagspaces	选择所有标志空间
d	select all metaspaces	选择所有元空间
d	select all zignspaces	选择所有 zignspace
d	select fd or list opened files in ascii-art	以 ascii-art 选择 fd 或列出已打开的文件
d	select first visual tab	选择第一个可视标签
d	select flagspace or create if it doesn't exist	选择标志空间或如果不存在则创建
d	select forked pid (see dbg.forks)	选择 fork 的 pid（参见 dbg.forks）
d	select metaspace or create if it doesn't exist	选择元空间或如果不存在则创建
d	select next visual tab	选择下一个可视标签
d	select pid	选择 pid
d	select priorized file by fd (see ob), opn/opp/opr = next/previous/rotate	按 fd 选择优先文件（参见 ob），opn/opp/opr = 下一个/上一个/循环
d	select trace tag (no arg unsets)	选择跟踪标签（无参数则取消设置）
d	select zignspace	选择 zignspace
d	send KILL signal to child	向子进程发送 KILL 信号
d	send data to remote socket at tcp://host:port	将数据发送到 tcp://host:port 的远程套接字
d	send output of local command to remote fd	将本地命令输出发送到远程 fd
d	send signal to process (default 0)	向进程发送信号（默认 0）
d	sequence of numbers from to by steps	从 from 到 to 按步长的数字序列
d	servers:	服务器:
d	set a 'soft.' esil pin, only executed in the disasm loop	设置 'soft.' esil pin，仅在反汇编循环中执行
d	set a flag using the orig raw name in the current offset	在当前偏移处使用原始原始名称设置标志
d	set anal.in=block for all the spaces between flags matching glob	对匹配 glob 的标志之间的所有空间设置 anal.in=block
d	set asm.bits=16 in the given address	在给定地址设置 asm.bits=16
d	set asm.syntax=jz for this opcode	为此操作码设置 asm.syntax=jz
d	set attribute to the given map id	为给定映射 id 设置属性
d	set base address for new flags	为新标志设置基地址
d	set base of argument 1 to base 10 (same as ahi1 d)	将参数 1 的基数设置为 10（与 ahi1 d 相同）
d	set base to IP address (32)	将基数设置为 IP 地址（32）
d	set base to binary (2)	将基数设置为二进制（2）
d	set base to hexadecimal (16)	将基数设置为十六进制（16）
d	set base to htons(port) (3)	将基数设置为 htons(port)（3）
d	set base to octal (8)	将基数设置为八进制（8）
d	set base to signed decimal (10), sign bit should depend on receiver size	将基数设置为有符号十进制（10），符号位应取决于接收者大小
d	set base to string (1)	将基数设置为字符串（1）
d	set base to syscall (80)	将基数设置为系统调用（80）
d	set base to unsigned decimal (11)	将基数设置为无符号十进制（11）
d	set binary mask hexpair to be used as cyclic write mask	设置二进制掩码十六进制对以用作循环写入掩码
d	set block size to 33	将块大小设置为 33
d	set block size to flag size	将块大小设置为标志大小
d	set breakpoint on every return address of the function	在函数的每个返回地址上设置断点
d	set calling convention for function	为函数设置调用约定
d	set color for given flag	为给定标志设置颜色
d	set color for given key (prompt, offset, ...)	为给定键设置颜色（prompt、offset 等）
d	set color to all flags in current offset	为当前偏移处的所有标志设置颜色
d	set color to given flag. Same as 'fc color@flag'	为给定标志设置颜色。与 'fc color@flag' 相同
d	set comment for given flag	为给定标志设置注释
d	set config key as readonly. no way back	将配置键设置为只读。无法回退
d	set config option for shellcodes and encoders	为 shellcode 和编码器设置配置选项
d	set contents of the register arena	设置寄存器 arena 的内容
d	set current function as thumb (change asm.bits)	将当前函数设置为 thumb（更改 asm.bits）
d	set debugger handler	设置调试器处理程序
d	set default palette	设置默认调色板
d	set delay slot	设置延迟槽
d	set enum type for the hinted immediate	为提示的立即数设置枚举类型
d	set enum type for the immediate	为立即数设置枚举类型
d	set expression for bp at given index	在给定索引处设置 bp 的表达式
d	set expression for bp in current offset	在当前偏移处设置 bp 的表达式
d	set flag 'name' with length 12 at offset 33	在偏移 33 处设置长度为 12 的标志 'name'
d	set flag real name (if no flag name current seek one is used)	设置标志真实名称（如果没有标志名则使用当前 seek 的）
d	set function anotation command, plain text or base64	设置函数注释命令、纯文本或 base64
d	set handling for a signal	设置信号的处理
d	set hint for return value of a function	设置函数返回值的提示
d	set jump target	设置跳转目标
d	set jump target set	设置跳转目标已设置
d	set libmagic reference (see /m?)	设置 libmagic 引用（参见 /m?）
d	set local function label named 'blah' (f.blah@$$+12)	设置名为 'blah' 的局部函数标签（f.blah@$$+12）
d	set max block size	设置最大块大小
d	set new value for the specified field in named format	为命名格式中的指定字段设置新值
d	set notes in base64	以 base64 设置笔记
d	set notes text	设置笔记文本
d	set numeric base (2, 8, 10, 16)	设置数字基数（2、8、10、16）
d	set opcode size=4	设置操作码大小=4
d	set or unset bits with given value (also wB-0x2000)	用给定值设置或取消设置位（也可用 wB-0x2000）
d	set or unset(-) an alias expression for a flag	设置或取消设置（-）标志的别名表达式
d	set pin	设置 pin
d	set pointer hint	设置指针提示
d	set random palette (see also scr.randpal)	设置随机调色板（另见 scr.randpal）
d	set register value	设置寄存器值
d	set register-use comment hint	设置寄存器使用注释提示
d	set signal handler for <signal> in child	在子进程中为 <signal> 设置信号处理程序
d	set stack frame size for function at current address	为当前地址处的函数设置栈帧大小
d	set stackframe size at current offset	在当前偏移处设置栈帧大小
d	set the annotation at the current or specified address	在当前或指定地址处设置注释
d	set the current register profile	设置当前寄存器配置文件
d	set the first 32 bit word of the xmm0 reg to 12	将 xmm0 寄存器的前 32 位字设置为 12
d	set value	设置值
d	set var 'a' the 'b' value	将变量 'a' 设置为 'b' 值
d	set visual mark 'a' to the offset 33	将可视化标记 'a' 设置到偏移 33
d	set vm analysis string	设置 vm 分析字符串
d	set words for the 'string' tag	为 'string' 标签设置词
d	set/delete name for map which spans mapaddr	为跨越 mapaddr 的映射设置/删除名称
d	set/delete name for map with mapid	为具有 mapid 的映射设置/删除名称
d	sets TMPDIR value to "/tmp"	将 TMPDIR 值设置为 "/tmp"
d	shellscript that reconstructs the bin	重建 bin 的 shell 脚本
d	shift a blocksize left or write in the editor	将块大小左移或在编辑器中写入
d	shift ops	移位操作
d	shl ax, bx => bx,ax,<<=  # shift left	shl ax, bx => bx,ax,<<=  # 左移
d	short (signed int16) bars, good for waves	短整型（有符号 int16）条，适合波形
d	show 'gpr' registers	显示 'gpr' 寄存器
d	show 'gpr' registers in JSON format	以 JSON 格式显示 'gpr' 寄存器
d	show 'wx' op with hexpair bytes of assembled opcode	显示汇编操作码的十六进制对字节的 'wx' 操作
d	show 16 bit registers	显示 16 位寄存器
d	show 32 bit registers	显示 32 位寄存器
d	show 8 digit padding in hex	以十六进制显示 8 位填充
d	show BP relative stackframe variables	显示 BP 相对栈帧变量
d	show DWARF source lines information	显示 DWARF 源代码行信息
d	show ESIL help	显示 ESIL 帮助
d	show ESIL-classified conditional gadgets	显示 ESIL 分类的条件小工具
d	show N bytes of hex-less hexdump	显示 N 字节的无十六进制十六进制转储
d	show N words of hex-less hexdump	显示 N 个字的无十六进制十六进制转储
d	show Ten first bytes of buffer	显示缓冲区的前 10 字节
d	show XMM registers	显示 XMM 寄存器
d	show YMM registers as 32-bit floating point	以 32 位浮点显示 YMM 寄存器
d	show YMM registers as 64-bit floating point	以 64 位浮点显示 YMM 寄存器
d	show YMM registers as bytes	以字节显示 YMM 寄存器
d	show YMM registers as doublewords	以双字显示 YMM 寄存器
d	show YMM registers as quadwords	以四字显示 YMM 寄存器
d	show YMM registers as words	以字显示 YMM 寄存器
d	show a colorful palette	显示彩色调色板
d	show address for the function name or current offset	显示函数名或当前偏移的地址
d	show address information	显示地址信息
d	show address information in JSON format	以 JSON 格式显示地址信息
d	show address of given symbol for given lib	显示给定库的给定符号地址
d	show addresses of instructions which leave the function	显示离开函数的指令地址
d	show addresses of leaving basic blocks with no out edges	显示离开且无出边的基本块地址
d	show addrline information in json format	以 json 格式显示 addrline 信息
d	show aea output in JSON format	以 JSON 格式显示 aea 输出
d	show all arenas created, or print arena_t structure for given arena	显示所有创建的 arena，或打印给定 arena 的 arena_t 结构
d	show all bins created for given arena	显示为给定 arena 创建的所有 bin
d	show all bit registers	显示所有位寄存器
d	show all call conventions and its definition	显示所有调用约定及其定义
d	show all chunks created in all arenas, or show all chunks created for a given arena_t instance	显示所有 arena 中创建的所有 chunk，或显示为给定 arena_t 实例创建的所有 chunk
d	show all columns starting from column n	显示从第 n 列起的所有列
d	show all imports matching a class	显示匹配某个类的所有导入
d	show all mnemonic descriptions	显示所有助记符描述
d	show all packings of xmm0	显示 xmm0 的所有打包
d	show all register arenas allocated	显示所有已分配的寄存器 arena
d	show all register types	显示所有寄存器类型
d	show all registers of given type	显示给定类型的所有寄存器
d	show all representation result for this math expr	显示该数学表达式的所有表示结果
d	show all the instruction size hints as r2 commands	以 r2 命令显示所有指令大小提示
d	show annotated hexdump	显示带注释的十六进制转储
d	show architecture specific information instruction size and alignment details	显示架构特定信息指令大小和对齐详情
d	show around flagzone context	显示标志区上下文周围
d	show ascii art table having the list of open files	显示包含已打开文件列表的 ascii art 表格
d	show ascii table	显示 ASCII 表
d	show ascii-art bar of entropy per block	显示每块熵的 ascii-art 条
d	show ascii-art bar of metadata in file boundaries	显示文件边界中元数据的 ascii-art 条
d	show ascii-art color bars with the debug trace ranges	显示带调试跟踪范围的 ascii-art 颜色条
d	show ascii-art color bars with the section ranges	显示带段范围的 ascii-art 颜色条
d	show associated offset next to pseudecompiled output	在伪反编译输出旁显示关联偏移
d	show available '$' variables and aliases	显示可用的 '$' 变量与别名
d	show backtrace. See dbt? for more details	显示回溯。更多详情参见 dbt?
d	show base10 signed decimal hexdumps	显示 base10 有符号十进制十六进制转储
d	show base10 unsigned decimal hexdumps	显示 base10 无符号十进制十六进制转储
d	show basic block information at given address (same as abi/afbi)	显示给定地址处的基本块信息（与 abi/afbi 相同）
d	show basic blocks information in json	以 json 显示基本块信息
d	show basic blocks of current function in a table	以表格显示当前函数的基本块
d	show bfid at current address	显示当前地址处的 bfid
d	show binary headers (see iH)	显示二进制头（参见 iH）
d	show binary headers fields	显示二进制头字段
d	show binary value of number	显示数值的二进制值
d	show breakpoint details in current address	显示当前地址处的断点详情
d	show breakpoint index in current offset	显示当前偏移处的断点索引
d	show breakpoint index in givengiven  offset	显示给定偏移处的断点索引
d	show byte hexdump (int8_t)	显示字节十六进制转储（int8_t）
d	show call gadgets	显示调用小工具
d	show class and method name in current seek	在当前 seek 处显示类和方法名
d	show classes associated with the import in the current address	显示当前地址处与导入关联的类
d	show column n to m	显示第 n 到 m 列
d	show command to load the debuglink file	显示加载 debuglink 文件的命令
d	show commands aliased by $dis	显示由 $dis 别名的命令
d	show commands to emulate from function start to the given address	显示从函数开始模拟到给定地址的命令
d	show comment at current offset	显示当前偏移处的注释
d	show comment in current address	显示当前地址处的注释
d	show comments found in N instructions	显示 N 条指令中找到的注释
d	show consumed bytes when inflating	显示解压时消耗的字节
d	show contents of file (see pwd, ls)	显示文件内容（参见 pwd、ls）
d	show contents of stack	显示栈内容
d	show contents of the user rc file	显示用户 rc 文件内容
d	show current bankid	显示当前 bankid
d	show current calling convention info in JSON	以 JSON 显示当前调用约定信息
d	show current filename (or o.q/oq to get the fd)	显示当前文件名（或 o.q/oq 获取 fd）
d	show current function annotation	显示当前函数注释
d	show current loaded project (see prj.name)	显示当前已加载的项目（参见 prj.name）
d	show current syscall and arguments	显示当前系统调用和参数
d	show current tag	显示当前标签
d	show current theme script	显示当前主题脚本
d	show current thread id	显示当前线程 id
d	show data using (named) format as C string	使用（命名）格式以 C 字符串显示数据
d	show data using (named) format as r2 flag create commands	使用（命名）格式以 r2 标志创建命令显示数据
d	show data using (named) format in JSON	使用（命名）格式以 JSON 显示数据
d	show data using named format	使用命名格式显示数据
d	show data using named format as graphviz commands	使用命名格式以 graphviz 命令显示数据
d	show data using the given format-string (see 'pf??' and 'pf???')	使用给定格式字符串显示数据（参见 'pf??' 和 'pf???'）
d	show debug link file name	显示调试链接文件名
d	show debug registers	显示调试寄存器
d	show debugger backend information (See dh)	显示调试器后端信息（参见 dh）
d	show debugger target information	显示调试器目标信息
d	show debuglink file	显示 debuglink 文件
d	show decimal value of math expr [n bytes]	显示数学表达式的十进制值 [n 字节]
d	show default function calling convention (same as tcc)	显示默认函数调用约定（与 tcc 相同）
d	show defined bits hints as r2 commands	以 r2 命令显示已定义的位提示
d	show delta pointer table in r2 commands	以 r2 命令显示增量指针表
d	show delta seek compared to all possible reference bases	显示与所有可能参考基址相比的增量 seek
d	show description	显示描述
d	show dword hexdump (int32_t)	显示双字十六进制转储（int32_t）
d	show element i of array field_name	显示数组字段 field_name 的第 i 个元素
d	show entropy blocks in json format	以 json 格式显示熵块
d	show entropy/printable chars/chars bars	显示熵/可打印字符/字符条
d	show entrypointsie=entrypoint	显示入口点 ie=入口点
d	show enum in json	以 json 显示枚举
d	show enum type and name for given number	显示给定数字的枚举类型和名称
d	show enum type and name for given number in json	以 json 显示给定数字的枚举类型和名称
d	show enum type.name for given number	显示给定数字的枚举类型.名称
d	show env vars as r2 commands	以 r2 命令显示环境变量
d	show env vars in JSON format	以 JSON 格式显示环境变量
d	show esil expression to set register values (like dr*)	显示用于设置寄存器值的 esil 表达式（类似 dr*）
d	show esil trace logs	显示 esil 跟踪日志
d	show export in current address	显示当前地址处的导出
d	show extended help	显示扩展帮助
d	show file size like `ls -l` in ms	以毫秒显示文件大小，类似 `ls -l`
d	show filename for current or given offset	显示当前或给定偏移的文件名
d	show filesystem information details	显示文件系统信息详情
d	show first line of 'i' output	显示 'i' 输出的第一行
d	show first quadword of xmm0	显示 xmm0 的第一个四字
d	show first three lines of 'i' output	显示 'i' 输出的前三行
d	show flag/function/symbol name (in json or r2 commands)	显示标志/函数/符号名称（以 json 或 r2 命令）
d	show flags in current block or range	显示当前块或范围中的标志
d	show formatted hexpairs	显示格式化的十六进制对
d	show fortunes	显示 fortune
d	show fourth quadword of ymm0	显示 ymm0 的第四个四字
d	show fpu registers (80 bit long double)	显示 fpu 寄存器（80 位 long double）
d	show function name + delta for 'addr'	显示 'addr' 的函数名 + 增量
d	show function signature	显示函数签名
d	show function signature in JSON	以 JSON 显示函数签名
d	show function stats (opcode, meta)	显示函数统计（操作码、元数据）
d	show function summary of strings, calls, variables, references..	显示字符串、调用、变量、引用的函数摘要..
d	show function type with calling convention and argument offsets	显示带调用约定和参数偏移的函数类型
d	show function variable xrefs (same as afvR+afvW)	显示函数变量交叉引用（与 afvR+afvW 相同）
d	show function(s) information (verbose afl)	显示函数信息（详细 afl）
d	show functions calling the imports of this class	显示调用此类导入的函数
d	show gadgets	显示小工具
d	show help for <lang> (v, python, mujs, ..)	显示 <lang> 的帮助（v、python、mujs 等）
d	show help for ? commands	显示 ? 命令的帮助
d	show help for assembler operation on current opcode (hack)	显示当前操作码的汇编器操作帮助（hack）
d	show help for the iterator operator	显示迭代器运算符的帮助
d	show help for the single quote (do not evaluate special characters in command)	显示单引号的帮助（不评估命令中的特殊字符）
d	show hex value of math expr (no expr prints $?)	显示数学表达式的十六进制值（无表达式则打印 $?）
d	show hexadecimal half-words dump (16bit)	显示十六进制半字转储（16 位）
d	show hexadecimal in sparse mode	以稀疏模式显示十六进制
d	show hexadecimal quad-words dump (64bit)	显示十六进制四字转储（64 位）
d	show hexadecimal words dump (32bit)	显示十六进制字转储（32 位）
d	show hexdump	显示十六进制转储
d	show hexdump (or disasm) of flag:flagsize	显示 flag:flagsize 的十六进制转储（或反汇编）
d	show hexdump of current function	显示当前函数的十六进制转储
d	show hexdump with comments	显示带注释的十六进制转储
d	show hexword references (q=quiet, j=json)	显示十六进制字引用（q=静默，j=json）
d	show highlight rule in current offset	显示当前偏移处的高亮规则
d	show hint of given address	显示给定地址的提示
d	show histogram analysis of metadata per block	显示每块元数据的直方图分析
d	show host operating system	显示主机操作系统
d	show in json	以 json 显示
d	show info about flag zone by name	按名称显示标志区信息
d	show info about named flag zone. see fz?[name]	显示命名标志区信息。参见 fz?[name]
d	show info about predefined memory allocation	显示预定义内存分配的信息
d	show info of all analysis parameters	显示所有分析参数的信息
d	show info of current basic block	显示当前基本块的信息
d	show info of current file (in JSON)	显示当前文件的信息（以 JSON）
d	show information of the function	显示函数的信息
d	show instruction mnemonic	显示指令助记符
d	show instruction mnemonic in current address	显示当前地址处的指令助记符
d	show instruction sizes	显示指令大小
d	show internal grep help	显示内置过滤帮助
d	show internal representation of the register profile	显示寄存器配置文件的内部表示
d	show inverse registers dump (sorted by value)	显示反向寄存器转储（按值排序）
d	show json format	显示 json 格式
d	show jump gadgets	显示跳转小工具
d	show just the file name (quiet)	仅显示文件名（静默）
d	show kind of given symbol name	显示给定符号名的种类
d	show library version of r_core	显示 r_core 的库版本
d	show lines ending with 0x400	显示以 0x400 结尾的行
d	show lines s-e	显示第 s-e 行
d	show link at given address.	显示给定地址处的链接。
d	show list all code line information (virtual address <-> source file:line)	显示列出所有代码行信息（虚拟地址 <-> 源文件:行）
d	show loading times	显示加载耗时
d	show machine cpu architecture name	显示机器 CPU 架构名称
d	show machine cpu register bits size	显示机器 CPU 寄存器位大小
d	show main address	显示 main 地址
d	show map name of current address	显示当前地址的映射名称
d	show map of heap	显示堆的映射
d	show map, that is mapped to current offset	显示映射到当前偏移的映射
d	show matching enum bitfield for given name	显示给定名称的匹配枚举位域
d	show memory maps	显示内存映射
d	show more system details	显示更多系统详情
d	show n_ops address and type	显示 n_ops 地址和类型
d	show name for given enum number	显示给定枚举编号的名称
d	show name for given type alias	显示给定类型别名的名称
d	show notes in base64	以 base64 显示笔记
d	show octal dump	显示八进制转储
d	show offset formatted for given type	显示为给定类型格式化的偏移
d	show offset of n instructions backward	向后显示 n 条指令的偏移
d	show old (previous) register values	显示旧（上一个）寄存器值
d	show only column n	仅显示第 n 列
d	show only column n from the end	仅显示从末尾数第 n 列
d	show only different registers	仅显示不同的寄存器
d	show only opcode	仅显示操作码
d	show op analysis color map	显示操作分析颜色图
d	show operating system version	显示操作系统版本
d	show or add 'code line' information (bininfo)	显示或添加 '代码行' 信息（bininfo）
d	show or change size map with corresponding id, map size cannot be 0	显示或更改对应 id 的大小映射，映射大小不能为 0
d	show or edit annotations for the current function	显示或编辑当前函数的注释
d	show or set comment file	显示或设置注释文件
d	show or set flag length (size)	显示或设置标志长度（大小）
d	show or set name for current breakpoint	显示或设置当前断点的名称
d	show output bytes after inflating	显示解压后的输出字节
d	show output of task 3	显示任务 3 的输出
d	show palette in CSS	以 CSS 显示调色板
d	show palette in JSON	以 JSON 显示调色板
d	show partitions in msdos format at offset 0	在偏移 0 处以 msdos 格式显示分区
d	show path to executable	显示可执行文件路径
d	show pdb file information	显示 pdb 文件信息
d	show permissions of the current map	显示当前映射的权限
d	show pf format string for given struct	显示给定结构体的 pf 格式字符串
d	show pf format string for given struct in json	以 json 显示给定结构体的 pf 格式字符串
d	show pf format string for given union	显示给定联合体的 pf 格式字符串
d	show pf format string for given union in json	以 json 显示给定联合体的 pf 格式字符串
d	show pf.<name> format string for all loaded structs	显示所有已加载结构体的 pf.<name> 格式字符串
d	show pf.<name> format string for all loaded unions	显示所有已加载联合体的 pf.<name> 格式字符串
d	show pf.<name> format string for given struct	显示给定结构体的 pf.<name> 格式字符串
d	show pf.<name> format string for given union	显示给定联合体的 pf.<name> 格式字符串
d	show pin name in current address if any	如果存在则显示当前地址处的 pin 名称
d	show previous (old) values of registers	显示寄存器之前（旧）的值
d	show primitive classes	显示原语类别
d	show project information	显示项目信息
d	show project notes	显示项目笔记
d	show quite few info about the function	显示函数的少量信息
d	show qword hexdump (int64_t)	显示四字十六进制转储（int64_t）
d	show r2 commands to set register values to the current state	显示将寄存器值设置为当前状态的 r2 命令
d	show r2 version, same as ?V	显示 r2 版本, 与 ?V 相同
d	show range boundaries like 'e?search.in	显示范围边界如 'e?search.in
d	show rarun2 startup profile	显示 rarun2 启动配置文件
d	show real name of flag at current address	显示当前地址处标志的真实名称
d	show reconstructed source for the current function	显示当前函数的重建源代码
d	show refs to in 'make' syntax (see aflm and axtm)	以 'make' 语法显示引用（参见 aflm 和 axtm）
d	show register comments	显示寄存器注释
d	show register profile comments	显示寄存器配置文件注释
d	show register references (telescoping)	显示寄存器引用（telescoping）
d	show register references (telescoping) in JSON format	以 JSON 格式显示寄存器引用（telescoping）
d	show register usage for the current function	显示当前函数的寄存器使用
d	show register value	显示寄存器值
d	show register values in columns	按列显示寄存器值
d	show registers as 32-bit floating point	以 32 位浮点显示寄存器
d	show registers as 64-bit floating point	以 64 位浮点显示寄存器
d	show registers as bytes	以字节显示寄存器
d	show registers as doublewords	以双字显示寄存器
d	show registers as quadwords	以四字显示寄存器
d	show registers as words	以字显示寄存器
d	show registers in columns	按列显示寄存器
d	show registers in table format (see dr,)	以表格格式显示寄存器（参见 dr,）
d	show registers references (telescoping)	显示寄存器引用（telescoping）
d	show registers references (telescoping) in JSON format	以 JSON 格式显示寄存器引用（telescoping）
d	show regs and memory accesses used in a range	显示范围内使用的寄存器和内存访问
d	show regs not written in N instructions	显示 N 条指令中未写入的寄存器
d	show regs read in N instructions	显示 N 条指令中读取的寄存器
d	show regs used in current basic block	显示当前基本块中使用的寄存器
d	show regs used in current function	显示当前函数中使用的寄存器
d	show regs written in N instructions	显示 N 条指令中写入的寄存器
d	show return gadgets	显示返回小工具
d	show short hexdump (int16_t)	显示短整型十六进制转储（int16_t）
d	show signature info (entitlements, ...)	显示签名信息（entitlements 等）
d	show size in human format	以人类格式显示大小
d	show size of data at current address	显示当前地址处数据的大小
d	show source code line associated to current offset	显示与当前偏移关联的源代码行
d	show source lines covered by the current basic block	显示当前基本块覆盖的源代码行
d	show source lines covered by the current function (see CLL@@i or list)	显示当前函数覆盖的源代码行（参见 CLL@@i 或 list）
d	show specific data field using named format	使用命名格式显示特定数据字段
d	show specific type with offsets and xrefs	显示带偏移和交叉引用的特定类型
d	show string + info about it at current address	显示当前地址处的字符串 + 相关信息
d	show string at current address	显示当前地址处的字符串
d	show string at current address (quiet)	显示当前地址处的字符串（静默）
d	show string at current address in JSON	以 JSON 显示当前地址处的字符串
d	show string with escaped chars	显示带转义字符的字符串
d	show struct contents mapped in current offset (same as .ts)	显示映射到当前偏移的结构体内容（与 .ts 相同）
d	show symbols from pdb as flags (prefix with dot to import)	从 pdb 显示符号作为标志（前缀带点以导入）
d	show syscall 4 based on asm.os and current regs/mem	根据 asm.os 和当前寄存器/内存显示系统调用 4
d	show system uname (alias for uname)	显示系统 uname（uname 的别名）
d	show the annotation at the current or specified address	显示当前或指定地址处的注释
d	show the associated offset next to each source line	在每个源代码行旁显示关联偏移
d	show the columns i, j and k	显示第 i、j、k 列
d	show the commands that will be executed to apply the patch	显示将执行以应用补丁的命令
d	show the current configuration	显示当前配置
d	show the current fake size	显示当前虚假大小
d	show the current opcode hint if any	显示当前操作码提示（如果有）
d	show the current register profile	显示当前寄存器配置文件
d	show the current register profile (JSON)	显示当前寄存器配置文件（JSON）
d	show the definition of a named format	显示命名格式的定义
d	show the dominator tree in interactive visual mode	以交互式可视化模式显示支配树
d	show the meaning of each bit in of the instruction	显示指令中每一位的含义
d	show the output in table format	以表格格式显示输出
d	show the second to last line of 'i' output	显示 'i' 输出的倒数第二行
d	show the size of the register profile	显示寄存器配置文件的大小
d	show the synthesis as r2 commands without applying (afts*)	以 r2 命令显示合成而不应用（afts*）
d	show the synthesis as r2 commands without applying anything	以 r2 命令显示合成而不应用任何内容
d	show this help	显示此帮助
d	show this help (same as -?)	显示此帮助 (与 -? 相同)
d	show this help message	显示此帮助消息
d	show time needed to run 'pd 32'	显示运行 'pd 32' 所需时间
d	show total number of lines	显示总行数
d	show trace info at address	显示地址处的跟踪信息
d	show try/catch blocks	显示 try/catch 块
d	show type analysis annotation at current or specified address	显示当前或指定地址处的类型分析注释
d	show type in 'pf' syntax	以 'pf' 语法显示类型
d	show type of given config variable	显示给定配置变量的类型
d	show type of the current instruction	显示当前指令的类型
d	show typename and type alias in C output format	以 C 输出格式显示类型名和类型别名
d	show typename and type alias in json	以 json 显示类型名和类型别名
d	show uname information in JSON	以 JSON 显示 uname 信息
d	show union contents mapped in current offset (same as .tu)	显示映射到当前偏移的联合体内容（与 .tu 相同）
d	show unreal flag information (yeah that names is pretty bad)	显示 unreal 标志信息（是的，那个名字相当糟糕）
d	show url to pull the debuglink file	显示拉取 debuglink 文件的 url
d	show usage examples	显示用法示例
d	show value	显示值
d	show value all the variables ($)	显示所有变量（$）的值
d	show value for type with specified byte sequence (XXX: type can contain spaces)	显示具有指定字节序列的类型的值（XXX：类型可包含空格）
d	show value of given register	显示给定寄存器的值
d	show value of given size (1, 2, 4, 8)	显示给定大小（1、2、4、8）的值
d	show values of function argument calls (A0, A1, A2, ..)	显示函数参数调用（A0、A1、A2、..）的值
d	show vector registers (also known as sve / packed / vector)	显示向量寄存器（也称为 sve / packed / vector）
d	show vtables	显示 vtable
d	show what's in this address (like pxr/pxq does)	显示此地址的内容（类似 pxr/pxq）
d	show whether the function is pure or not	显示函数是否为纯函数
d	show wx command that creates a debruijn pattern of a specific length	显示创建特定长度 debruijn 模式的 wx 命令
d	show xrefs graph to reach current function	显示到达当前函数的交叉引用图
d	show xrefs to in 'make' syntax (see aflm and axfm)	以 'make' 语法显示指向的引用（参见 aflm 和 axfm）
d	show yank buffer information (origin len bytes)	显示 yank 缓冲区信息（origin len bytes）
d	show zignatures in json format	以 json 格式显示 zignature
d	show zignatures in quiet mode	以静默模式显示 zignature
d	show zignatures in radare format	以 radare 格式显示 zignature
d	show zignatures in sdb format	以 sdb 格式显示 zignature
d	show zignatures matching information	显示 zignature 匹配信息
d	show/Link type to an address	显示/链接类型到地址
d	show/add/delete imports used in function (see aii)	显示/添加/删除函数中使用的导入（参见 aii）
d	show/list zignatures	显示/列出 zignature
d	show/rename/create whatever var/flag/function used in current instruction	显示/重命名/创建当前指令中使用的任何变量/标志/函数
d	show/set/delete name for current map	显示/设置/删除当前映射的名称
d	shr ax, bx => bx,ax,>>=  # shift right	shr ax, bx => bx,ax,>>=  # 右移
d	side by side comparing assembly and pseudo	汇编与伪代码并排对比
d	side by side disassembly and source columns	并排显示反汇编和源代码列
d	sign      ed25519  Elliptic curve pubkey cryptographic algorithm used for signing and verification	sign      ed25519  用于签名和验证的椭圆曲线公钥密码算法
d	sign the current block with 'algo' and 'key'	使用 'algo' 和 'key' 签名当前块
d	signed integer dump (1 byte, 2 and 4)	有符号整数转储（1 字节、2 和 4）
d	signed integer value (4 bytes) (see 'd' and 'x')	有符号整数值（4 字节）（参见 'd' 和 'x'）
d	signed to double	有符号转 double
d	simplified om; takes current seek, fd and perms	简化的 om；采用当前 seek、fd 和权限
d	simulate a hardware trap	模拟硬件 trap
d	sixel image	sixel 图像
d	skip 1 byte	跳过 1 字节
d	skip 4 bytes	跳过 4 字节
d	skip <num> step instructions	跳过 <num> 步指令
d	sleep for an specific amount of time (support decimal values)	睡眠特定时长（支持小数值）
d	snapshot of the writable maps	可写映射的快照
d	sort + uniq	排序并去重
d	sort by address (inverse of alfsa)	按地址排序（alfsa 的反序）
d	sort by address (same as afls)	按地址排序（与 afls 相同）
d	sort by name	按名称排序
d	sort by name (inverse of aflsn)	按名称排序（aflsn 的反序）
d	sort by number of basic blocks	按基本块数量排序
d	sort by number of basic blocks (inverse of aflsb)	按基本块数量排序（aflsb 的反序）
d	sort by size	按大小排序
d	sort by size (inverse of aflss)	按大小排序（aflss 的反序）
d	sort function list by address, size or name	按地址、大小或名称排序函数列表
d	sort in alphabetic order	按字母排序
d	sort numerically / alphabetically the Nth column	按数字/字母排序第 N 列
d	sort the contents of the file	排序文件内容
d	space separated hex bytes	空格分隔的十六进制字节
d	space separated list of byte values in decimal	空格分隔的十进制字节值列表
d	space separated list of numbers	空格分隔的数字列表
d	speak message using the text-to-speech program (e cfg.tts)	使用文本转语音程序朗读消息（e cfg.tts）
d	specify an encoder and a key	指定编码器和密钥
d	specify arch and bits for given 'file'	为给定 'file' 指定架构和位数
d	specify how to calculate each byte	指定如何计算每个字节
d	specify range for zoom	指定缩放范围
d	squash the consecutive write ops	压缩连续的写操作
d	stack register state	压入寄存器状态
d	stack register states	压入寄存器状态（复数）
d	start address	起始地址
d	start background thread syncing with the remote server	启动与远程服务器同步的后台线程
d	start multiline comment	开始多行注释
d	start rap server in background (same as '&_=h')	在后台启动 rap 服务器（同 '&_=h'）
d	start the gdbserver	启动 gdbserver
d	start the http webserver on 'port'	在 'port' 启动 HTTP Web 服务器
d	start the http webserver on 'port' (launch browser)	在 'port' 启动 HTTP Web 服务器（启动浏览器）
d	start the rap server (o rap://9999)	启动 rap 服务器（o rap://9999）
d	start the rap server on tcp port 9090	在 TCP 端口 9090 启动 rap 服务器
d	start the tcp server (echo x|nc ::1 9090 or curl ::1:9090/cmd/x)	启动 TCP 服务器（echo x|nc ::1 9090 或 curl ::1:9090/cmd/x）
d	start trace session	启动跟踪会话
d	stderr message	stderr 消息
d	step <num> instructions	步进 <num> 条指令
d	step <num> source lines	步进 <num> 个源代码行
d	step back	后退
d	step back one instruction	后退一条指令
d	step into program (skip libs)	步入程序（跳过库）
d	step one instruction	单步一条指令
d	step one source line	单步一个源代码行
d	step over	步过
d	step over <num> instructions	步过 <num> 条指令
d	step over every N instructions	每 N 条指令步过
d	step over until given address	步过直到给定地址
d	step skip (in case of CALL, just skip, instead of step into)	步进跳过（在 CALL 情况下，仅跳过，而不是步入）
d	step until <address>	步进直到 <address>
d	step until <address>. See 'dsu?' for other step until cmds.	步进直到 <address>。其他 step until 命令参见 'dsu?'。
d	step until <esil> expression matches	步进直到 <esil> 表达式匹配
d	step until an instr matches one of the <optype>s.	步进直到指令匹配 <optype>s 之一。
d	step until an instruction disasm matches	步进直到指令反汇编匹配
d	step until end of frame	步进直到帧结束
d	step until esil expression match	步进直到 esil 表达式匹配
d	step until given address	步进直到给定地址
d	step until given opcode type	步进直到给定操作码类型
d	step until pc == <flag> matching name	步进直到 pc == 匹配名称的 <flag>
d	step, over, source line	步进、步过、源代码行
d	step-in N instructions with esildebug	使用 esildebug 步进 N 条指令
d	stop execution	停止执行
d	stop execution of pid	停止 pid 的执行
d	stop function analysis if call/jmp to 'addr'	如果 call/jmp 到 'addr' 则停止函数分析
d	stop on condition	条件停止
d	stop trace session	停止跟踪会话
d	strcmp two strings	比较两个字符串
d	string	字符串
d	string aliases accept double \ and hex escaping	字符串别名接受双 \\ 与十六进制转义
d	string summary in current function	当前函数中的字符串摘要
d	strings in data sections (in JSON/Base64)	数据段中的字符串（以 JSON/Base64）
d	strings in data sections (skip N strings, show count)	数据段中的字符串（跳过 N 个字符串，显示计数）
d	strings in data sections in JSON format	以 JSON 格式显示数据段中的字符串
d	strings in data sections in quiet (and quieter) mode	以静默（和更静默）模式显示数据段中的字符串
d	strings in data sections in quiet JSON (just vaddr and string)	以静默 JSON 显示数据段中的字符串（仅 vaddr 和 string）
d	strings in range (same as pzz)	范围内的字符串（与 pzz 相同）
d	submit or listen to remote commands	提交或监听远程命令
d	suggest automatic name for current offset	为当前偏移建议自动名称
d	swap Breakpoint Trace	交换断点跟踪
d	swap Nth breakpoint	交换第 N 个断点
d	swap Nth breakpoint trace	交换第 N 个断点跟踪
d	swap endianness and print with given labels	交换字节序并使用给定标签打印
d	swap last two register arenas	交换最后两个寄存器 arena
d	swap last two values in stack	交换栈中最后两个值
d	switch to open binfile by fd number	按 fd 编号切换到已打开的 binfile
d	switch to open given objid (or name)	切换到已打开的给定 objid（或名称）
d	switch to use a different bank	切换使用不同的 bank
d	synthesize struct types from pointer-argument and allocator-return access patterns	从指针参数和分配器返回访问模式合成结构体类型
d	synthesize struct types from pointer-argument and allocator-return accesses (afts)	从指针参数和分配器返回访问合成结构体类型（afts）
d	syscall injection (see gs)	系统调用注入（参见 gs）
d	table output for flags	标志的表格输出
d	take snapshot of current map	对当前映射拍摄快照
d	take snapshot with given id of map at address	对给定地址处的映射拍摄给定 id 的快照
d	take/store memory snapshot	拍摄/存储内存快照
d	temporally swap endian	临时交换字节序
d	temporary change eval vars	临时更改 eval 变量
d	temporary change flag space	临时更改标志空间
d	temporary change the block size (p8@3!3)	临时更改块大小（p8@3!3）
d	temporary partial address seek (see s..)	临时部分地址定位（见 s..）
d	temporary replace block with file contents	以文件内容临时替换块
d	temporary seek at value of sdb key `k`	临时定位到 sdb 键 `k` 的值
d	temporary seek to nth instruction in current bb (negative numbers too)	临时定位到当前基本块的第 n 条指令（负数亦可）
d	temporary seek to the Nth relative instruction	临时定位到第 N 条相对指令
d	temporary seek to this address (sym.main+3)	临时定位到此地址（sym.main+3）
d	temporary select a pid for the command (f.ex dr@p:123)	为该命令临时选择 pid（如 dr@p:123）
d	temporary set a new blocksize	临时设置新块大小
d	temporary set arch and bits	临时设置架构与位数
d	temporary set asm.bits	临时设置 asm.bits
d	temporary set from and to for commands supporting ranges	为支持范围的命令临时设置 from 与 to
d	temporary switch to another fd	临时切换到另一个 fd
d	terminate tcp server for remote commands	终止用于远程命令的 tcp 服务器
d	terminates the string parsing	终止字符串解析
d	test if executable, file or directory exists	测试可执行文件、文件或目录是否存在
d	text log utility (used to chat, sync, log, ...)	文本日志工具（用于聊天、同步、日志等）
d	text with thin ascii art frame around	带细 ascii 艺术边框的文本
d	the 'e prj.name' evar can save/open/rename/list projects.	'e prj.name' 环境变量可以保存/打开/重命名/列出项目。
d	the infamous reverse cat command	臭名昭著的反向 cat 命令
d	the instruction is not yet esilized	指令尚未 esil 化
d	the prefix seek spans the whole &&/|| chain, but not past ';'	前缀定位跨越整个 &&/|| 链，但不越过 ';'
d	this help will show arp if you run drp? when cfg.debug=0	当 cfg.debug=0 时，运行 drp? 将显示 arp 帮助
d	those three commands do the same	这三个命令作用相同
d	tiny ascii art	微型 ascii art
d	tmp seek to reg value (f.ex pd@r:PC, see also $r{PC} and $r:PC)	临时定位到寄存器值（如 pd@r:PC，另见 $r{PC} 与 $r:PC）
d	to match the total struct size in mem.	以匹配内存中的结构体总大小。
d	to show the fields you know about (perhaps using 'skip' fields), and 'sz'	以显示你知道的字段（可能使用 'skip' 字段），以及 'sz'
d	toggle breakpoint	切换断点
d	toggle map backwards tying	切换映射向后绑定
d	toggle map backwards tying (same as omtb)	切换映射向后绑定（与 omtb 相同）
d	toggle map forwards tying	切换映射向前绑定
d	toggle map ties backward or forward	切换映射向后或向前绑定
d	toggle show flags for each offset	切换显示每个偏移的标志
d	token to define another keyword	定义另一个关键字的词法标记
d	trace all syscalls, a la strace	跟踪所有系统调用，类似 strace
d	trace call/ret	跟踪 call/ret
d	transplant process to a new handler	将进程移植到新的处理程序
d	traptrace from curseek to len, no argument to list	从 curseek 到 len 的 traptrace，无参数则列出
d	tree map graph	树形图
d	trim out the 'sym.imp' prefix from all calls	从所有调用中修剪掉 'sym.imp' 前缀
d	try to parse RTTI at vtable addr (see anal.cxxabi)	尝试在 vtable 地址处解析 RTTI（参见 anal.cxxabi）
d	type matching analysis for current function	当前函数的类型匹配分析
d	type matching, type propagation	类型匹配、类型传播
d	type xrefs	类型交叉引用
d	types, noreturn, signatures, C parser and more	类型、noreturn、签名、C 解析器等
d	uint128_t (16 bytes)	uint128_t（16 字节）
d	uleb128 (variable length)	uleb128（可变长度）
d	umount given path (/)	卸载给定路径（/）
d	uname - show system information	uname - 显示系统信息
d	uname/undo seek/write	uname/撤销定位/写入
d	undefine alias	取消定义别名
d	undo core commands (uc?, ucl, uc*, ..) (see `e cmd.undo`)	撤销核心命令（uc?、ucl、uc*、..）（参见 `e cmd.undo`）
d	undo last action	撤销上一个操作
d	undo last change	撤销上一个更改
d	undo seek	撤销 seek
d	unflag all registers	取消标记所有寄存器
d	unified diff disasm from $$ and given address	从 $$ 和给定地址的统一差异反汇编
d	unload core plugin by name or file name	按名称或文件名卸载核心插件
d	unregister all calling conventions	注销所有调用约定
d	unregister calling convention by name	按名称注销调用约定
d	unset enum type for the immediate	取消设置立即数的枚举类型
d	unset pin of current function	取消设置当前函数的 pin
d	unset pins of all functions	取消设置所有函数的 pin
d	unsigned integer dump (1 byte, 2 and 4)	无符号整数转储（1 字节、2 和 4）
d	unsigned to double	无符号转 double
d	up : undo previous action	向上：撤销上一个操作
d	update $? return code with result of operation	以操作结果更新 $? 返回码
d	uppercase alphabet chars only	仅大写字母字符
d	use -b for beat time	使用 -b 表示 beat 时间
d	use json output	使用 json 输出
d	use more colors (0: no color 1: ansi 16, 2: 256, 3: 16M)	使用更多颜色（0：无颜色 1：ansi 16，2：256，3：16M）
d	use r2 flavor output	使用 r2 风格输出
d	use scr.tts to speak out the stdout	使用 scr.tts 朗读 stdout
d	use structure troll previously defined	使用之前定义的结构体 troll
d	use value stored in env var as tmpseek address	以环境变量中存储的值作为临时定位地址
d	use/remove/list breakpoint plugin handlers	使用/移除/列出断点插件处理程序
d	useful for cmd.vprompt to view previous and next flag zones	对 cmd.vprompt 有用，可查看上一个和下一个标志区
d	value of asm.arch	asm.arch 的值
d	values	值
d	verbose function info	详细函数信息
d	verbose mnemonic listing with instruction description	带指令描述的详细助记符列表
d	view all/given enums in C format with member values	以 C 格式查看所有/给定枚举及其成员值
d	view all/given structs in C format with field offsets	以 C 格式查看所有/给定结构体及其字段偏移
d	view all/given unions in C format with field offsets	以 C 格式查看所有/给定联合体及其字段偏移
d	view types with offsets and xrefs	查看带偏移和交叉引用的类型
d	visual esil debugger for the given expression or current instruction	针对给定表达式或当前指令的可视化 esil 调试器
d	visual mode (Vv: func/var, VV: graph mode, ...)	可视化模式（Vv：函数/变量，VV：图模式，...）
d	visually attractive representation	视觉上吸引人的表示
d	visually attractive representation with the bit stream on top	视觉上吸引人的表示，位流在顶部
d	wait for commands on port 8080	在端口 8080 等待命令
d	wait for queued commands and execute them (^C to end)	等待排队的命令并执行它们 (^C 结束)
d	wait until all tasks are finished (same as 'fg')	等待所有任务完成 (与 'fg' 相同)
d	wait until task 3 is finished (alias for 'fg')	等待任务 3 完成 ('fg' 的别名)
d	whereis/which shell command	whereis/which shell 命令
d	without hexpair values, clipboard is used	不带十六进制对值，使用剪贴板
d	word (2 bytes unsigned short in hex)	字（2 字节无符号短整型，十六进制）
d	words must be placed at the beginning of line	词必须位于行首
d	words must be placed at the end of line	词必须位于行尾
d	works with all s subcommands, for example ssr = silent 'sr'	适用于所有 s 子命令，例如 ssr = 静默 'sr'
d	write 'len' bytes with value 0x00	写入 'len' 个值为 0x00 的字节
d	write 10 random bytes	写入 10 个随机字节
d	write 12 bytes from 0x8048 into stdout	从 0x8048 写入 12 字节到 stdout
d	write 20 bytes from offset 10 into current seek	从偏移 10 写入 20 字节到当前 seek
d	write 4 or 8 byte pointer, depending on asm.bits	根据 asm.bits 写入 4 或 8 字节指针
d	write N space-separated dword (4 bytes)	写入 N 个空格分隔的双字（4 字节）
d	write [1,2,4,8]-byte size using cfg.bigendian	使用 cfg.bigendian 写入 [1,2,4,8] 字节大小
d	write a De Bruijn Pattern of length 'len' at address 'addr'	在地址 'addr' 处写入长度为 'len' 的 De Bruijn 模式
d	write a nop and seek after it (use 7wa+nop to write 7 consecutive nops)	写入一个 nop 并在其后 seek（使用 7wa+nop 写入 7 个连续 nop）
d	write base64 [d]ecoded or [e]ncoded string	写入 base64 [d]解码或 [e]编码字符串
d	write bits in bit big endian (see pb)	以位大端写入位（参见 pb）
d	write block from current seek to "<prefix>-<offset>"	将当前 seek 处的块写入 "<prefix>-<offset>"
d	write bytes from (const char*)addr to fd	从 (const char*)addr 写入字节到 fd
d	write cache list/undo/commit/reset (io.cache)	写缓存列表/撤销/提交/重置（io.cache）
d	write contents of file at current offset	在当前偏移处写入文件内容
d	write contents of file into current offset	将文件内容写入当前偏移
d	write contents of hexpairs file here	在此处写入十六进制对文件的内容
d	write contents of local diskfile into r2fs mounted path	将本地磁盘文件内容写入 r2fs 挂载路径
d	write custom float (see cfg.float)	写入自定义浮点（参见 cfg.float）
d	write data into file	将数据写入文件
d	write double value (8 bytes)	写入 double 值（8 字节）
d	write dword	写入双字
d	write enumeration sequence i0 01 02 ..	写入枚举序列 i0 01 02 ..
d	write extend # resize the file	写入扩展 # 调整文件大小
d	write float value (4 bytes)	写入浮点值（4 字节）
d	write from socket (tcp listen in port for N bytes)	从套接字写入（在端口 tcp 监听 N 字节）
d	write hexpairs and seek forward	写入十六进制对并向前 seek
d	write in block with operation. (see wo?)	在块中带操作写入。（参见 wo?）
d	write inside this op (fill with nops or error if doesnt fit)	在此操作内写入（用 nop 填充或如果放不下则报错）
d	write instruction(s) nopping the trailing bytes	写入指令并用 nop 填充尾部字节
d	write long double value (10/16 bytes)	写入 long double 值（10/16 字节）
d	write nopcode using asm.arch and asm.bits	使用 asm.arch 和 asm.bits 写入 nopcode
d	write one byte	写入一个字节
d	write opcode, separated by ';' (use '"' around the command)	写入操作码，用 ';' 分隔（在命令周围使用 '"'）
d	write pascal string using first byte as length	使用首字节作为长度写入 pascal 字符串
d	write pascal string: 1 byte for length + N for the string	写入 pascal 字符串：1 字节长度 + N 字节字符串
d	write qword (8 bytes)	写入四字（8 字节）
d	write string 'foobar'	写入字符串 'foobar'
d	write string and seek to its null terminator	写入字符串并 seek 到其 null 终止符
d	write the left nibble of the current byte	写入当前字节的左半字节
d	write the right nibble of the current byte	写入当前字节的右半字节
d	write to file (from current seek, blocksize or sz bytes)	写入文件（从当前 seek，块大小或 sz 字节）
d	write to file (see also 'wxf' and 'wf?')	写入文件（另见 'wxf' 和 'wf?'）
d	write to file from current address to eof (ignores given size)	从当前地址写入文件到 eof（忽略给定大小）
d	write to path or display graph image (see graph.gv.format)	写入路径或显示图图像（参见 graph.gv.format）
d	write trap in entrypoint	在入口点写入陷阱指令
d	write two intel nops (from wxfile or wxseek)	写入两个 intel nop（来自 wxfile 或 wxseek）
d	write unsigned short (2 bytes)	写入无符号短整型（2 字节）
d	write value in delta address	在增量地址写入值
d	write wide string 'f\x00o\x00o\x00'	写入宽字符串 'f\x00o\x00o\x00'
d	write zero terminated string (like w + \x00)	写入零终止字符串（类似 w + \x00）
d	xml indent	XML 缩进
d	xml indentation	XML 缩进
d	xor	异或
d	yank contents of file into clipboard	将文件内容 yank 到剪贴板
d	yank from hexpairs (same as yfx)	从十六进制对 yank（与 yfx 相同）
d	yank from hexpairs (same as ywx)	从十六进制对 yank（与 ywx 相同）
d	yank from string	从字符串 yank
d	yank/paste bytes from/to memory	从内存复制/粘贴字节
d	your favourite version control	你最喜欢的版本控制
d	zero-fill the register arena, reset their state	零填充寄存器 arena，重置其状态
d	zignature search on known functions	在已知函数上搜索 zignature
d	zignatures management	zignature 管理
d	zoom level	缩放级别
d	|=  or	|=  或
d	|= or	|= 或
d	getpid()	获取进程号
a	[addr ..]	[地址 ..]
a	[addr]	[地址]
a	[address]	[地址]
a	[addr|fcn.name]	[地址|函数名][offset]
a	[addr|name]	[地址|名称]
a	[addr|reg|from..to]	[地址|寄存器|起始..结束]
a	[addr|type]	[地址|类型]
a	[addr|varname]	[地址|变量名]
a	[algo]	[算法]
a	[algorithm]	[算法]
a	[alias]	[别名]
a	[annotation]	[注解]
a	[arg0 arg1..]	[参数0 参数1..]
a	[arg]	[参数]
a	[args...]	[参数...]
a	[args]	[参数]
a	[argument]	[参数]
a	[argv]	[参数数组]
a	[arg|len]	[参数|长度]
a	[asm|hex]	[汇编|十六进制]
a	[assembly]	[汇编]
a	[at]	[地址]
a	[baddr]	[基地址]
a	[binmask]	[二进制掩码]
a	[bits]	[位数]
a	[body]	[正文]
a	[bsize]	[块大小]
a	[bytes]	[字节]
a	[classname]	[类名]
a	[cmd]	[命令]
a	[color]	[颜色]
a	[column]	[列]
a	[comment string]	[注释字符串]
a	[count]	[数量]
a	[data]	[数据]
a	[delta]	[增量]
a	[diff]	[差异]
a	[digest]	[摘要]
a	[dir]	[目录]
a	[directory]	[目录]
a	[diskfile]	[磁盘文件]
a	[elem_sz]	[元素大小]
a	[emoji]	[表情]
a	[encoder]	[编码器]
a	[envp]	[环境变量数组]
a	[esil]	[ESIL]
a	[expr]	[表达式]
a	[family]	[族]
a	[fcn addr]	[函数地址]
a	[fcnname]	[函数名]
a	[fcnsign]	[函数签名]
a	[file.md]	[文件.md]
a	[file.sdb]	[文件.sdb]
a	[file]	[文件]
a	[filename]	[文件名]
a	[filepath]	[文件路径]
a	[filepattern]	[文件模式]
a	[file|dir]	[文件|目录]
a	[file|directory]	[文件|目录]
a	[flag]	[标志]
a	[flagname]	[标志名]
a	[flagspace|addr]	[标志空间|地址]
a	[fmt..]	[格式..]
a	[fmt]	[格式]
a	[fnames]	[函数名]
a	[format]	[格式]
a	[from]	[起始]
a	[function_name]	[函数名]
a	[glob]	[通配符]
a	[hex]	[十六进制]
a	[hexpair]	[十六进制对]
a	[hexpairs]	[十六进制对串]
a	[hexpattern]	[十六进制模式]
a	[import]	[导入]
a	[inst]	[指令]
a	[key]	[键]
a	[klass..field]	[类..字段]
a	[klass.method]	[类.方法]
a	[klass]	[类]
a	[label]	[标签]
a	[lang]	[语言]
a	[left_path]	[左路径]
a	[len]	[长度]
a	[libname]	[库名]
a	[line]	[行]
a	[magic]	[魔数]
a	[mapid]	[映射ID]
a	[mask]	[掩码]
a	[metaspace|addr]	[元空间|地址]
a	[minstr]	[最小字符串]
a	[mode]	[模式]
a	[mountpoint]	[挂载点]
a	[n_ops]	[操作数]
a	[name]	[名称]
a	[namespace]	[命名空间]
a	[name|bfid]	[名称|bfid]
a	[name|id]	[名称|ID]
a	[nblocks]	[块数量]
a	[new fake size]	[新伪造大小]
a	[new_name]	[新名称]
a	[new_type]	[新类型]
a	[nkey]	[键数量]
a	[num]	[数值]
a	[number]	[编号]
a	[num|msg]	[编号|消息]
a	[nword]	[词数量]
a	[obid2]	[对象ID2]
a	[obid]	[对象ID]
a	[objid]	[对象ID]
a	[offset size]	[偏移 大小]
a	[offset|flag|expression]	[偏移|标志|表达式]
a	[old_name]	[旧名称]
a	[opcode]	[操作码]
a	[options]	[选项]
a	[optype,optype2]	[操作类型,操作类型2]
a	[optype]	[操作类型]
a	[or keys]	[或键]
a	[origin]	[起始地址]
a	[page]	[页]
a	[path]	[路径]
a	[pattern]	[模式]
a	[perm]	[权限]
a	[perms]	[权限]
a	[plugin]	[插件]
a	[prefix]	[前缀]
a	[prjname]	[项目名]
a	[pubkey]	[公钥]
a	[query]	[查询]
a	[r2cmd]	[r2命令]
a	[r2filepath]	[r2文件路径]
a	[range]	[范围]
a	[rawname]	[原始名称]
a	[realname]	[真实名称]
a	[register]	[寄存器]
a	[repeat]	[重复]
a	[ret]	[返回值]
a	[retval]	[返回值]
a	[ret|jop|cop|syscall|pivot|memread|memwrite|www]	[返回|跳转操作|调用操作|系统调用|枢轴|内存读|内存写|www]
a	[right_path]	[右路径]
a	[rows]	[行数]
a	[rww|signal|mov|ldconst|arithm|arithm_ct|logic]	[rww|信号|移动|加载常量|算术|算术_ct|逻辑]
a	[seconds]	[秒]
a	[shift|cmp|nop]	[移位|比较|空操作]
a	[signal]	[信号]
a	[signame]	[签名名]
a	[size]	[大小]
a	[skip]	[跳过]
a	[skip|cont]	[跳过|继续]
a	[space]	[空间]
a	[step]	[步长]
a	[str]	[字符串]
a	[string]	[字符串]
a	[str|414243]	[字符串|414243]
a	[symname]	[符号名]
a	[sz]	[大小]
a	[tableaddr]	[表地址]
a	[text]	[文本]
a	[theme]	[主题]
a	[threshold]	[阈值]
a	[times]	[次数]
a	[title1]	[标题1]
a	[title2]	[标题2]
a	[title]	[标题]
a	[type]	[类型]
a	[typename]	[类型名]
a	[value]	[值]
a	[varname]	[变量名]
a	[vsize]	[虚拟大小]
a	[wordsize]	[字长]
a	[x y w h cmd]	[x y w h 命令]
a	[zigname]	[签名名]
a	[zipfile]	[zip文件]
